Block,Date,Nonce,ExtraNonce,ExtraNonce_Hex,nBits,Parse_Method
9000,2009-03-28,2656372516,1638,6606,ffff001d,standard_v01
9001,2009-03-28,3333321528,1642,6a06,ffff001d,standard_v01
9002,2009-03-28,67338003,86,56,ffff001d,standard_v01
9003,2009-03-28,95601110,3551,df0d,ffff001d,standard_v01
9004,2009-03-28,3383103007,1644,6c06,ffff001d,standard_v01
9005,2009-03-28,3155907353,1654,7606,ffff001d,standard_v01
9006,2009-03-28,66015765,25,19,ffff001d,standard_v01
9007,2009-03-28,3148254766,1663,7f06,ffff001d,standard_v01
9008,2009-03-28,3846419995,1668,8406,ffff001d,standard_v01
9009,2009-03-28,1367934245,1682,9206,ffff001d,standard_v01
9010,2009-03-28,103408950,1016,f803,ffff001d,standard_v01
9011,2009-03-28,1174654506,1684,9406,ffff001d,standard_v01
9012,2009-03-28,378136832,1687,9706,ffff001d,standard_v01
9013,2009-03-28,1204155938,1689,9906,ffff001d,standard_v01
9014,2009-03-28,1952920064,1690,9a06,ffff001d,standard_v01
9015,2009-03-28,2304897056,1695,9f06,ffff001d,standard_v01
9016,2009-03-28,1338195732,1699,a306,ffff001d,standard_v01
9017,2009-03-28,224701023,1345,4105,ffff001d,standard_v01
9018,2009-03-28,2119172911,1703,a706,ffff001d,standard_v01
9019,2009-03-28,39949790,2100,3408,ffff001d,standard_v01
9020,2009-03-28,4140877368,1704,a806,ffff001d,standard_v01
9021,2009-03-28,747021093,1720,b806,ffff001d,standard_v01
9022,2009-03-28,822901814,1726,be06,ffff001d,standard_v01
9023,2009-03-28,3927047936,1731,c306,ffff001d,standard_v01
9024,2009-03-28,159280147,1959,a707,ffff001d,standard_v01
9025,2009-03-28,2698314518,1734,c606,ffff001d,standard_v01
9026,2009-03-28,239002523,1961,a907,ffff001d,standard_v01
9027,2009-03-28,1578217759,1745,d106,ffff001d,standard_v01
9028,2009-03-28,3239326997,1751,d706,ffff001d,standard_v01
9029,2009-03-28,2497850143,1755,db06,ffff001d,standard_v01
9030,2009-03-28,3391575606,1766,e606,ffff001d,standard_v01
9031,2009-03-28,1926952448,1768,e806,ffff001d,standard_v01
9032,2009-03-28,298500389,1771,eb06,ffff001d,standard_v01
9033,2009-03-28,2160248584,1776,f006,ffff001d,standard_v01
9034,2009-03-28,2732616477,1778,f206,ffff001d,standard_v01
9035,2009-03-28,3635079171,1779,f306,ffff001d,standard_v01
9036,2009-03-28,1987892792,1788,fc06,ffff001d,standard_v01
9037,2009-03-28,1801003785,1797,0507,ffff001d,standard_v01
9038,2009-03-28,2008906260,1799,0707,ffff001d,standard_v01
9039,2009-03-28,2077430584,1800,0807,ffff001d,standard_v01
9040,2009-03-28,921083393,1811,1307,ffff001d,standard_v01
9041,2009-03-28,2108035380,1827,2307,ffff001d,standard_v01
9042,2009-03-28,47950772,2123,4b08,ffff001d,standard_v01
9043,2009-03-28,2290779433,1828,2407,ffff001d,standard_v01
9044,2009-03-29,1298218790,1840,3007,ffff001d,standard_v01
9045,2009-03-29,24788004,1051,1b04,ffff001d,standard_v01
9046,2009-03-29,1139209495,1841,3107,ffff001d,standard_v01
9047,2009-03-29,947415319,1846,3607,ffff001d,standard_v01
9048,2009-03-29,165255956,1848,3807,ffff001d,standard_v01
9049,2009-03-29,330290724,1850,3a07,ffff001d,standard_v01
9050,2009-03-29,3018918426,1855,3f07,ffff001d,standard_v01
9051,2009-03-29,2304385331,1861,4507,ffff001d,standard_v01
9052,2009-03-29,224241519,3603,130e,ffff001d,standard_v01
9053,2009-03-29,2110922544,1887,5f07,ffff001d,standard_v01
9054,2009-03-29,2790331656,1893,6507,ffff001d,standard_v01
9055,2009-03-29,3602893338,1895,6707,ffff001d,standard_v01
9056,2009-03-29,2751919640,1897,6907,ffff001d,standard_v01
9057,2009-03-29,932118548,1898,6a07,ffff001d,standard_v01
9058,2009-03-29,4097954327,1905,7107,ffff001d,standard_v01
9059,2009-03-29,247283763,1911,7707,ffff001d,standard_v01
9060,2009-03-29,70408200,55,37,ffff001d,standard_v01
9061,2009-03-29,1905006851,1924,8407,ffff001d,standard_v01
9062,2009-03-29,1923920649,1928,8807,ffff001d,standard_v01
9063,2009-03-29,2669376058,1931,8b07,ffff001d,standard_v01
9064,2009-03-29,176140080,1939,9307,ffff001d,standard_v01
9065,2009-03-29,313425442,1943,9707,ffff001d,standard_v01
9066,2009-03-29,33109275,1947,9b07,ffff001d,standard_v01
9067,2009-03-29,4028655363,1951,9f07,ffff001d,standard_v01
9068,2009-03-29,3032699395,1953,a107,ffff001d,standard_v01
9069,2009-03-29,470093313,1972,b407,ffff001d,standard_v01
9070,2009-03-29,1107790897,1980,bc07,ffff001d,standard_v01
9071,2009-03-29,1249839622,1993,c907,ffff001d,standard_v01
9072,2009-03-29,884484888,1997,cd07,ffff001d,standard_v01
9073,2009-03-29,3914693162,1998,ce07,ffff001d,standard_v01
9074,2009-03-29,4053321004,2000,d007,ffff001d,standard_v01
9075,2009-03-29,2698295072,2001,d107,ffff001d,standard_v01
9076,2009-03-29,3979656249,2013,dd07,ffff001d,standard_v01
9077,2009-03-29,15313053,164,a400,ffff001d,standard_v01
9078,2009-03-29,2338557233,2015,df07,ffff001d,standard_v01
9079,2009-03-29,3281442596,2020,e407,ffff001d,standard_v01
9080,2009-03-29,2784892456,2036,f407,ffff001d,standard_v01
9081,2009-03-29,3674819878,2050,0208,ffff001d,standard_v01
9082,2009-03-29,3594915890,2051,0308,ffff001d,standard_v01
9083,2009-03-29,3228372514,2061,0d08,ffff001d,standard_v01
9084,2009-03-29,1643144222,2063,0f08,ffff001d,standard_v01
9085,2009-03-29,2686022677,2068,1408,ffff001d,standard_v01
9086,2009-03-29,93229980,173,ad00,ffff001d,standard_v01
9087,2009-03-29,1903719726,2070,1608,ffff001d,standard_v01
9088,2009-03-29,204555575,2073,1908,ffff001d,standard_v01
9089,2009-03-29,1856233479,2075,1b08,ffff001d,standard_v01
9090,2009-03-29,3547058997,2082,2208,ffff001d,standard_v01
9091,2009-03-29,28308953,1390,6e05,ffff001d,standard_v01
9092,2009-03-29,1322662921,2090,2a08,ffff001d,standard_v01
9093,2009-03-29,7940357,2094,2e08,ffff001d,standard_v01
9094,2009-03-29,135002224,1070,2e04,ffff001d,standard_v01
9095,2009-03-29,1364007962,2107,3b08,ffff001d,standard_v01
9096,2009-03-29,1712706854,2108,3c08,ffff001d,standard_v01
9097,2009-03-29,1181008682,2111,3f08,ffff001d,standard_v01
9098,2009-03-29,87689641,114,72,ffff001d,standard_v01
9099,2009-03-29,3649381163,2114,4208,ffff001d,standard_v01
9100,2009-03-29,2488664361,2121,4908,ffff001d,standard_v01
9101,2009-03-29,3690226733,2127,4f08,ffff001d,standard_v01
9102,2009-03-29,4203659800,2131,5308,ffff001d,standard_v01
9103,2009-03-29,20804318,2038,f607,ffff001d,standard_v01
9104,2009-03-29,3642607388,2161,7108,ffff001d,standard_v01
9105,2009-03-29,255045633,2162,7208,ffff001d,standard_v01
9106,2009-03-29,658698287,2165,7508,ffff001d,standard_v01
9107,2009-03-29,4182827554,2171,7b08,ffff001d,standard_v01
9108,2009-03-29,2586348037,2172,7c08,ffff001d,standard_v01
9109,2009-03-29,61714228,196,c400,ffff001d,standard_v01
9110,2009-03-29,1190788648,2175,7f08,ffff001d,standard_v01
9111,2009-03-29,43975464,3662,4e0e,ffff001d,standard_v01
9112,2009-03-29,4363453,108,6c,ffff001d,standard_v01
9113,2009-03-29,3435983409,2177,8108,ffff001d,standard_v01
9114,2009-03-29,1024757538,2180,8408,ffff001d,standard_v01
9115,2009-03-29,3077471517,2198,9608,ffff001d,standard_v01
9116,2009-03-29,138159405,2201,9908,ffff001d,standard_v01
9117,2009-03-29,13084348,109,6d,ffff001d,standard_v01
9118,2009-03-29,3846060575,2204,9c08,ffff001d,standard_v01
9119,2009-03-29,2881967110,2233,b908,ffff001d,standard_v01
9120,2009-03-29,3424103730,2247,c708,ffff001d,standard_v01
9121,2009-03-29,215028846,1097,4904,ffff001d,standard_v01
9122,2009-03-29,214952373,1421,8d05,ffff001d,standard_v01
9123,2009-03-29,843077937,2253,cd08,ffff001d,standard_v01
9124,2009-03-29,1887325743,2256,d008,ffff001d,standard_v01
9125,2009-03-29,26907174,1101,4d04,ffff001d,standard_v01
9126,2009-03-29,2080929307,2261,d508,ffff001d,standard_v01
9127,2009-03-29,2728494855,2265,d908,ffff001d,standard_v01
9128,2009-03-29,4003630106,2270,de08,ffff001d,standard_v01
9129,2009-03-29,4065232153,2298,fa08,ffff001d,standard_v01
9130,2009-03-29,3288650294,2299,fb08,ffff001d,standard_v01
9131,2009-03-29,49150342,1107,5304,ffff001d,standard_v01
9132,2009-03-29,3053614378,2303,ff08,ffff001d,standard_v01
9133,2009-03-29,1070357761,2310,0609,ffff001d,standard_v01
9134,2009-03-29,57942506,221,dd00,ffff001d,standard_v01
9135,2009-03-29,2514366764,2314,0a09,ffff001d,standard_v01
9136,2009-03-29,3134143771,2315,0b09,ffff001d,standard_v01
9137,2009-03-29,1989902629,2319,0f09,ffff001d,standard_v01
9138,2009-03-29,2400227849,2322,1209,ffff001d,standard_v01
9139,2009-03-29,2858734392,2324,1409,ffff001d,standard_v01
9140,2009-03-29,1442026781,2333,1d09,ffff001d,standard_v01
9141,2009-03-29,787933731,2343,2709,ffff001d,standard_v01
9142,2009-03-29,182536477,1118,5e04,ffff001d,standard_v01
9143,2009-03-29,2294488852,2356,3409,ffff001d,standard_v01
9144,2009-03-29,3545259822,2360,3809,ffff001d,standard_v01
9145,2009-03-29,27719049,2080,2008,ffff001d,standard_v01
9146,2009-03-29,56716608,141,8d00,ffff001d,standard_v01
9147,2009-03-29,2882522886,2363,3b09,ffff001d,standard_v01
9148,2009-03-29,4037751339,2374,4609,ffff001d,standard_v01
9149,2009-03-29,1286775581,2384,5009,ffff001d,standard_v01
9150,2009-03-29,3593704713,2391,5709,ffff001d,standard_v01
9151,2009-03-29,36345383,2411,6b09,ffff001d,standard_v01
9152,2009-03-29,37990238,239,ef00,ffff001d,standard_v01
9153,2009-03-29,4038706743,2423,7709,ffff001d,standard_v01
9154,2009-03-29,810556700,2424,7809,ffff001d,standard_v01
9155,2009-03-29,6900651,2090,2a08,ffff001d,standard_v01
9156,2009-03-29,63395691,1455,af05,ffff001d,standard_v01
9157,2009-03-29,28452215,2092,2c08,ffff001d,standard_v01
9158,2009-03-29,64770255,2093,2d08,ffff001d,standard_v01
9159,2009-03-29,2801433901,2433,8109,ffff001d,standard_v01
9160,2009-03-30,243778586,1136,7004,ffff001d,standard_v01
9161,2009-03-30,3416391680,2443,8b09,ffff001d,standard_v01
9162,2009-03-30,4172888832,2446,8e09,ffff001d,standard_v01
9163,2009-03-30,1107019832,2461,9d09,ffff001d,standard_v01
9164,2009-03-30,4234870054,2472,a809,ffff001d,standard_v01
9165,2009-03-30,938465848,2473,a909,ffff001d,standard_v01
9166,2009-03-30,1409101315,2474,aa09,ffff001d,standard_v01
9167,2009-03-30,3776759827,2475,ab09,ffff001d,standard_v01
9168,2009-03-30,2057146628,2477,ad09,ffff001d,standard_v01
9169,2009-03-30,3983426840,2482,b209,ffff001d,standard_v01
9170,2009-03-30,192076200,1146,7a04,ffff001d,standard_v01
9171,2009-03-30,2500279347,2489,b909,ffff001d,standard_v01
9172,2009-03-30,630052899,2492,bc09,ffff001d,standard_v01
9173,2009-03-30,1900276508,2494,be09,ffff001d,standard_v01
9174,2009-03-30,4021197061,2497,c109,ffff001d,standard_v01
9175,2009-03-30,2361583148,2505,c909,ffff001d,standard_v01
9176,2009-03-30,161620919,1152,8004,ffff001d,standard_v01
9177,2009-03-30,278418502,1153,8104,ffff001d,standard_v01
9178,2009-03-30,38703871,1154,8204,ffff001d,standard_v01
9179,2009-03-30,1173244424,2520,d809,ffff001d,standard_v01
9180,2009-03-30,4028735790,2522,da09,ffff001d,standard_v01
9181,2009-03-30,4214890542,2533,e509,ffff001d,standard_v01
9182,2009-03-30,739163699,2543,ef09,ffff001d,standard_v01
9183,2009-03-30,353352962,1482,ca05,ffff001d,standard_v01
9184,2009-03-30,3913662255,2547,f309,ffff001d,standard_v01
9185,2009-03-30,3989209883,2564,040a,ffff001d,standard_v01
9186,2009-03-30,31957965,2121,4908,ffff001d,standard_v01
9187,2009-03-30,350004537,2572,0c0a,ffff001d,standard_v01
9188,2009-03-30,3921677352,2580,140a,ffff001d,standard_v01
9189,2009-03-30,1887093545,2582,160a,ffff001d,standard_v01
9190,2009-03-30,92931586,277,1501,ffff001d,standard_v01
9191,2009-03-30,20898128,1490,d205,ffff001d,standard_v01
9192,2009-03-30,4133965588,2588,1c0a,ffff001d,standard_v01
9193,2009-03-30,3941469483,2590,1e0a,ffff001d,standard_v01
9194,2009-03-30,2774436653,2592,200a,ffff001d,standard_v01
9195,2009-03-30,1985755175,2594,220a,ffff001d,standard_v01
9196,2009-03-30,67045425,1172,9404,ffff001d,standard_v01
9197,2009-03-30,17803254,192,c000,ffff001d,standard_v01
9198,2009-03-30,4180686889,2596,240a,ffff001d,standard_v01
9199,2009-03-30,11741050,1175,9704,ffff001d,standard_v01
9200,2009-03-30,715505415,2601,290a,ffff001d,standard_v01
9201,2009-03-30,1832263937,2603,2b0a,ffff001d,standard_v01
9202,2009-03-30,372439063,2606,2e0a,ffff001d,standard_v01
9203,2009-03-30,2527988784,2611,330a,ffff001d,standard_v01
9204,2009-03-30,176680009,1503,df05,ffff001d,standard_v01
9205,2009-03-30,1920105525,2612,340a,ffff001d,standard_v01
9206,2009-03-30,284776059,1505,e105,ffff001d,standard_v01
9207,2009-03-30,1730510592,7,07,ffff001d,standard_v01
9208,2009-03-30,3453062151,16,10,ffff001d,standard_v01
9209,2009-03-30,3987497,18,12,ffff001d,standard_v01
9210,2009-03-30,2875876126,19,13,ffff001d,standard_v01
9211,2009-03-30,8054177,3762,b20e,ffff001d,standard_v01
9212,2009-03-30,68495341,2147,6308,ffff001d,standard_v01
9213,2009-03-30,2691943170,20,14,ffff001d,standard_v01
9214,2009-03-30,393629018,1190,a604,ffff001d,standard_v01
9215,2009-03-30,1210426664,42,2a,ffff001d,standard_v01
9216,2009-03-30,1504452869,44,2c,ffff001d,standard_v01
9217,2009-03-30,96241875,3768,b80e,ffff001d,standard_v01
9218,2009-03-30,2125306655,53,35,ffff001d,standard_v01
9219,2009-03-30,1680966450,72,48,ffff001d,standard_v01
9220,2009-03-30,42039226,1519,ef05,ffff001d,standard_v01
9221,2009-03-30,142617952,1197,ad04,ffff001d,standard_v01
9222,2009-03-30,3881204018,100,64,ffff001d,standard_v01
9223,2009-03-30,2435670314,101,65,ffff001d,standard_v01
9224,2009-03-30,83431256,1523,f305,ffff001d,standard_v01
9225,2009-03-30,2515855905,105,69,ffff001d,standard_v01
9226,2009-03-30,41551636,113,71,ffff001d,standard_v01
9227,2009-03-30,1230429490,115,73,ffff001d,standard_v01
9228,2009-03-30,102465410,1527,f705,ffff001d,standard_v01
9229,2009-03-30,268675103,139,8b00,ffff001d,standard_v01
9230,2009-03-30,48216382,43,2b,ffff001d,standard_v01
9231,2009-03-30,4194776365,149,9500,ffff001d,standard_v01
9232,2009-03-30,3834964247,151,9700,ffff001d,standard_v01
9233,2009-03-30,33826825,1532,fc05,ffff001d,standard_v01
9234,2009-03-30,168025910,1533,fd05,ffff001d,standard_v01
9235,2009-03-30,7484797,3786,ca0e,ffff001d,standard_v01
9236,2009-03-30,1709958193,158,9e00,ffff001d,standard_v01
9237,2009-03-30,4042551333,166,a600,ffff001d,standard_v01
9238,2009-03-30,890960645,173,ad00,ffff001d,standard_v01
9239,2009-03-30,3956349231,176,b000,ffff001d,standard_v01
9240,2009-03-30,16058871,53,35,ffff001d,standard_v01
9241,2009-03-30,575218989,178,b200,ffff001d,standard_v01
9242,2009-03-30,71135255,193,c100,ffff001d,standard_v01
9243,2009-03-30,35910960,234,ea00,ffff001d,standard_v01
9244,2009-03-30,333304366,203,cb00,ffff001d,standard_v01
9245,2009-03-30,2388636928,221,dd00,ffff001d,standard_v01
9246,2009-03-30,3811991601,232,e800,ffff001d,standard_v01
9247,2009-03-30,25763886,3798,d60e,ffff001d,standard_v01
9248,2009-03-30,2178952212,238,ee00,ffff001d,standard_v01
9249,2009-03-30,2521755677,240,f000,ffff001d,standard_v01
9250,2009-03-30,534980354,244,f400,ffff001d,standard_v01
9251,2009-03-30,141361042,2186,8a08,ffff001d,standard_v01
9252,2009-03-30,1010171905,245,f500,ffff001d,standard_v01
9253,2009-03-30,4202099506,250,fa00,ffff001d,standard_v01
9254,2009-03-30,217898781,260,0401,ffff001d,standard_v01
9255,2009-03-30,68863375,30,1e,ffff001d,standard_v01
9256,2009-03-30,1787077176,263,0701,ffff001d,standard_v01
9257,2009-03-30,1577130550,265,0901,ffff001d,standard_v01
9258,2009-03-30,1400932915,268,0c01,ffff001d,standard_v01
9259,2009-03-30,2848478502,269,0d01,ffff001d,standard_v01
9260,2009-03-30,1706720314,272,1001,ffff001d,standard_v01
9261,2009-03-30,320789949,1560,1806,ffff001d,standard_v01
9262,2009-03-30,697398300,274,1201,ffff001d,standard_v01
9263,2009-03-30,3860306972,276,1401,ffff001d,standard_v01
9264,2009-03-30,3994149424,279,1701,ffff001d,standard_v01
9265,2009-03-30,2960504631,287,1f01,ffff001d,standard_v01
9266,2009-03-30,908794930,298,2a01,ffff001d,standard_v01
9267,2009-03-30,2651119416,309,3501,ffff001d,standard_v01
9268,2009-03-30,2688957746,318,3e01,ffff001d,standard_v01
9269,2009-03-30,151070993,44,2c,ffff001d,standard_v01
9270,2009-03-30,6197254,322,4201,ffff001d,standard_v01
9271,2009-03-30,1430449459,331,4b01,ffff001d,standard_v01
9272,2009-03-30,28295972,1571,2306,ffff001d,standard_v01
9273,2009-03-30,3059032084,333,4d01,ffff001d,standard_v01
9274,2009-03-30,242152937,1573,2506,ffff001d,standard_v01
9275,2009-03-30,2699119654,334,4e01,ffff001d,standard_v01
9276,2009-03-30,3684451102,335,4f01,ffff001d,standard_v01
9277,2009-03-30,1929123104,343,5701,ffff001d,standard_v01
9278,2009-03-30,1351836711,347,5b01,ffff001d,standard_v01
9279,2009-03-30,5142218,1578,2a06,ffff001d,standard_v01
9280,2009-03-31,3331595034,362,6a01,ffff001d,standard_v01
9281,2009-03-31,2645491715,363,6b01,ffff001d,standard_v01
9282,2009-03-31,1525725984,378,7a01,ffff001d,standard_v01
9283,2009-03-31,509456152,380,7c01,ffff001d,standard_v01
9284,2009-03-31,1152053016,382,7e01,ffff001d,standard_v01
9285,2009-03-31,240310239,60,3c,ffff001d,standard_v01
9286,2009-03-31,560133670,399,8f01,ffff001d,standard_v01
9287,2009-03-31,3950914336,400,9001,ffff001d,standard_v01
9288,2009-03-31,3359796997,403,9301,ffff001d,standard_v01
9289,2009-03-31,641051676,405,9501,ffff001d,standard_v01
9290,2009-03-31,890873633,410,9a01,ffff001d,standard_v01
9291,2009-03-31,1562537003,411,9b01,ffff001d,standard_v01
9292,2009-03-31,3302395136,414,9e01,ffff001d,standard_v01
9293,2009-03-31,58745861,417,a101,ffff001d,standard_v01
9294,2009-03-31,3217820709,419,a301,ffff001d,standard_v01
9295,2009-03-31,1586039866,427,ab01,ffff001d,standard_v01
9296,2009-03-31,158207968,71,47,ffff001d,standard_v01
9297,2009-03-31,470881081,429,ad01,ffff001d,standard_v01
9298,2009-03-31,808884006,430,ae01,ffff001d,standard_v01
9299,2009-03-31,2591451419,432,b001,ffff001d,standard_v01
9300,2009-03-31,28930699,1276,fc04,ffff001d,standard_v01
9301,2009-03-31,4189218332,439,b701,ffff001d,standard_v01
9302,2009-03-31,298765452,1278,fe04,ffff001d,standard_v01
9303,2009-03-31,1167354633,456,c801,ffff001d,standard_v01
9304,2009-03-31,1624489273,462,ce01,ffff001d,standard_v01
9305,2009-03-31,3392580870,467,d301,ffff001d,standard_v01
9306,2009-03-31,44537662,81,51,ffff001d,standard_v01
9307,2009-03-31,3148958761,470,d601,ffff001d,standard_v01
9308,2009-03-31,280706205,58,3a,ffff001d,standard_v01
9309,2009-03-31,3825078,1608,4806,ffff001d,standard_v01
9310,2009-03-31,3787334400,471,d701,ffff001d,standard_v01
9311,2009-03-31,3975381796,482,e201,ffff001d,standard_v01
9312,2009-03-31,17503281,484,e401,ffff001d,standard_v01
9313,2009-03-31,160690717,495,ef01,ffff001d,standard_v01
9314,2009-03-31,2523710980,507,fb01,ffff001d,standard_v01
9315,2009-03-31,434464045,523,0b02,ffff001d,standard_v01
9316,2009-03-31,161479616,91,5b,ffff001d,standard_v01
9317,2009-03-31,50748626,2380,4c09,ffff001d,standard_v01
9318,2009-03-31,467216935,529,1102,ffff001d,standard_v01
9319,2009-03-31,204014592,537,1902,ffff001d,standard_v01
9320,2009-03-31,4262618418,549,2502,ffff001d,standard_v01
9321,2009-03-31,1674967343,550,2602,ffff001d,standard_v01
9322,2009-03-31,68553056,1621,5506,ffff001d,standard_v01
9323,2009-03-31,3805885751,560,3002,ffff001d,standard_v01
9324,2009-03-31,1565784602,566,3602,ffff001d,standard_v01
9325,2009-03-31,3364116019,568,3802,ffff001d,standard_v01
9326,2009-03-31,2643056433,569,3902,ffff001d,standard_v01
9327,2009-03-31,505792031,570,3a02,ffff001d,standard_v01
9328,2009-03-31,2100376115,579,4302,ffff001d,standard_v01
9329,2009-03-31,352461770,1628,5c06,ffff001d,standard_v01
9330,2009-03-31,1061704982,584,4802,ffff001d,standard_v01
9331,2009-03-31,1762730804,591,4f02,ffff001d,standard_v01
9332,2009-03-31,1385775916,607,5f02,ffff001d,standard_v01
9333,2009-03-31,3039825967,611,6302,ffff001d,standard_v01
9334,2009-03-31,2569950983,619,6b02,ffff001d,standard_v01
9335,2009-03-31,3852299035,621,6d02,ffff001d,standard_v01
9336,2009-03-31,1673761817,622,6e02,ffff001d,standard_v01
9337,2009-03-31,1968992537,632,7802,ffff001d,standard_v01
9338,2009-03-31,24747573,1309,1d05,ffff001d,standard_v01
9339,2009-03-31,2938073636,636,7c02,ffff001d,standard_v01
9340,2009-03-31,137175953,37,25,ffff001d,standard_v01
9341,2009-03-31,2497600561,642,8202,ffff001d,standard_v01
9342,2009-03-31,271415749,1641,6906,ffff001d,standard_v01
9343,2009-03-31,4090777887,646,8602,ffff001d,standard_v01
9344,2009-03-31,299806724,650,8a02,ffff001d,standard_v01
9345,2009-03-31,3842307363,660,9402,ffff001d,standard_v01
9346,2009-03-31,1031373855,662,9602,ffff001d,standard_v01
9347,2009-03-31,2953347353,667,9b02,ffff001d,standard_v01
9348,2009-03-31,424670214,671,9f02,ffff001d,standard_v01
9349,2009-03-31,2240034335,676,a402,ffff001d,standard_v01
9350,2009-03-31,3846772273,679,a702,ffff001d,standard_v01
9351,2009-03-31,2924867073,680,a802,ffff001d,standard_v01
9352,2009-03-31,3644714015,681,a902,ffff001d,standard_v01
9353,2009-03-31,216588067,682,aa02,ffff001d,standard_v01
9354,2009-03-31,2179416585,687,af02,ffff001d,standard_v01
9355,2009-03-31,4147297048,688,b002,ffff001d,standard_v01
9356,2009-03-31,280708136,689,b102,ffff001d,standard_v01
9357,2009-03-31,16025597,2421,7509,ffff001d,standard_v01
9358,2009-03-31,15060919,1330,3205,ffff001d,standard_v01
9359,2009-03-31,375583631,1331,3305,ffff001d,standard_v01
9360,2009-03-31,2693734702,707,c302,ffff001d,standard_v01
9361,2009-03-31,961348666,710,c602,ffff001d,standard_v01
9362,2009-03-31,3412699688,712,c802,ffff001d,standard_v01
9363,2009-03-31,1943317035,720,d002,ffff001d,standard_v01
9364,2009-03-31,49137449,2428,7c09,ffff001d,standard_v01
9365,2009-03-31,2645150753,724,d402,ffff001d,standard_v01
9366,2009-03-31,2923694613,727,d702,ffff001d,standard_v01
9367,2009-03-31,3608718384,730,da02,ffff001d,standard_v01
9368,2009-03-31,4159503873,735,df02,ffff001d,standard_v01
9369,2009-03-31,3178796833,738,e202,ffff001d,standard_v01
9370,2009-03-31,167231266,1341,3d05,ffff001d,standard_v01
9371,2009-03-31,77119795,746,ea02,ffff001d,standard_v01
9372,2009-03-31,1763091243,750,ee02,ffff001d,standard_v01
9373,2009-03-31,2681663007,751,ef02,ffff001d,standard_v01
9374,2009-03-31,609124104,760,f802,ffff001d,standard_v01
9375,2009-03-31,1584443444,785,1103,ffff001d,standard_v01
9376,2009-03-31,2203228727,804,2403,ffff001d,standard_v01
9377,2009-03-31,3637011997,808,2803,ffff001d,standard_v01
9378,2009-03-31,3662673975,825,3903,ffff001d,standard_v01
9379,2009-03-31,494032153,829,3d03,ffff001d,standard_v01
9380,2009-03-31,633869086,840,4803,ffff001d,standard_v01
9381,2009-03-31,4188513801,851,5303,ffff001d,standard_v01
9382,2009-03-31,3385122067,853,5503,ffff001d,standard_v01
9383,2009-03-31,1108675372,854,5603,ffff001d,standard_v01
9384,2009-03-31,3028447279,855,5703,ffff001d,standard_v01
9385,2009-03-31,688860719,866,6203,ffff001d,standard_v01
9386,2009-03-31,3881141766,871,6703,ffff001d,standard_v01
9387,2009-03-31,1543741959,873,6903,ffff001d,standard_v01
9388,2009-03-31,2006165278,876,6c03,ffff001d,standard_v01
9389,2009-03-31,2582261300,883,7303,ffff001d,standard_v01
9390,2009-04-01,2202409263,885,7503,ffff001d,standard_v01
9391,2009-04-01,3300159778,886,7603,ffff001d,standard_v01
9392,2009-04-01,2685496597,887,7703,ffff001d,standard_v01
9393,2009-04-01,319103525,900,8403,ffff001d,standard_v01
9394,2009-04-01,2250263060,901,8503,ffff001d,standard_v01
9395,2009-04-01,2606023699,903,8703,ffff001d,standard_v01
9396,2009-04-01,3154758437,914,9203,ffff001d,standard_v01
9397,2009-04-01,2654603807,934,a603,ffff001d,standard_v01
9398,2009-04-01,152150640,1369,5905,ffff001d,standard_v01
9399,2009-04-01,473746972,935,a703,ffff001d,standard_v01
9400,2009-04-01,1226331929,936,a803,ffff001d,standard_v01
9401,2009-04-01,2245422385,946,b203,ffff001d,standard_v01
9402,2009-04-01,4277210659,956,bc03,ffff001d,standard_v01
9403,2009-04-01,289341171,1374,5e05,ffff001d,standard_v01
9404,2009-04-01,4111039787,962,c203,ffff001d,standard_v01
9405,2009-04-01,2191173383,963,c303,ffff001d,standard_v01
9406,2009-04-01,191933712,95,5f,ffff001d,standard_v01
9407,2009-04-01,2935524375,964,c403,ffff001d,standard_v01
9408,2009-04-01,4154862366,976,d003,ffff001d,standard_v01
9409,2009-04-01,3498627586,977,d103,ffff001d,standard_v01
9410,2009-04-01,2096682538,983,d703,ffff001d,standard_v01
9411,2009-04-01,1262015002,989,dd03,ffff001d,standard_v01
9412,2009-04-01,175271392,49,31,ffff001d,standard_v01
9413,2009-04-01,600474155,992,e003,ffff001d,standard_v01
9414,2009-04-01,2342567717,999,e703,ffff001d,standard_v01
9415,2009-04-01,2447808552,1003,eb03,ffff001d,standard_v01
9416,2009-04-01,941156870,1010,f203,ffff001d,standard_v01
9417,2009-04-01,1287436581,1011,f303,ffff001d,standard_v01
9418,2009-04-01,1221620227,1013,f503,ffff001d,standard_v01
9419,2009-04-01,2984742187,1014,f603,ffff001d,standard_v01
9420,2009-04-01,957832484,1017,f903,ffff001d,standard_v01
9421,2009-04-01,605977912,1018,fa03,ffff001d,standard_v01
9422,2009-04-01,1760451369,1020,fc03,ffff001d,standard_v01
9423,2009-04-01,2436624152,1021,fd03,ffff001d,standard_v01
9424,2009-04-01,88921940,61,3d,ffff001d,standard_v01
9425,2009-04-01,837115908,1029,0504,ffff001d,standard_v01
9426,2009-04-01,3537052956,1034,0a04,ffff001d,standard_v01
9427,2009-04-01,93712636,3979,8b0f,ffff001d,standard_v01
9428,2009-04-01,3314143277,1047,1704,ffff001d,standard_v01
9429,2009-04-01,1550269448,1053,1d04,ffff001d,standard_v01
9430,2009-04-01,336304385,1057,2104,ffff001d,standard_v01
9431,2009-04-01,1138947381,1069,2d04,ffff001d,standard_v01
9432,2009-04-01,2424135445,1090,4204,ffff001d,standard_v01
9433,2009-04-01,474940471,1100,4c04,ffff001d,standard_v01
9434,2009-04-01,3781303608,1106,5204,ffff001d,standard_v01
9435,2009-04-01,2143389981,1111,5704,ffff001d,standard_v01
9436,2009-04-01,70560610,73,49,ffff001d,standard_v01
9437,2009-04-01,2415514649,1116,5c04,ffff001d,standard_v01
9438,2009-04-01,370767916,75,4b,ffff001d,standard_v01
9439,2009-04-01,3957474849,1128,6804,ffff001d,standard_v01
9440,2009-04-01,2988904709,1133,6d04,ffff001d,standard_v01
9441,2009-04-01,23776150,3993,990f,ffff001d,standard_v01
9442,2009-04-01,49111900,56,38,ffff001d,standard_v01
9443,2009-04-01,3091341370,1150,7e04,ffff001d,standard_v01
9444,2009-04-01,2795954219,1157,8504,ffff001d,standard_v01
9445,2009-04-01,1678694663,1160,8804,ffff001d,standard_v01
9446,2009-04-01,2447266078,1161,8904,ffff001d,standard_v01
9447,2009-04-01,65835819,1163,8b04,ffff001d,standard_v01
9448,2009-04-01,470217990,1167,8f04,ffff001d,standard_v01
9449,2009-04-01,136709725,86,56,ffff001d,standard_v01
9450,2009-04-01,2040914219,1172,9404,ffff001d,standard_v01
9451,2009-04-01,283258501,122,7a,ffff001d,standard_v01
9452,2009-04-01,560937007,1179,9b04,ffff001d,standard_v01
9453,2009-04-01,1688222773,1183,9f04,ffff001d,standard_v01
9454,2009-04-01,3897912122,1189,a504,ffff001d,standard_v01
9455,2009-04-01,37132006,38,26,ffff001d,standard_v01
9456,2009-04-01,1156024878,1200,b004,ffff001d,standard_v01
9457,2009-04-01,4215683898,1201,b104,ffff001d,standard_v01
9458,2009-04-01,1917523207,1204,b404,ffff001d,standard_v01
9459,2009-04-01,68229731,73,49,ffff001d,standard_v01
9460,2009-04-01,2306497326,1205,b504,ffff001d,standard_v01
9461,2009-04-01,3266205482,1207,b704,ffff001d,standard_v01
9462,2009-04-01,220293783,45,2d,ffff001d,standard_v01
9463,2009-04-01,164972312,1208,b804,ffff001d,standard_v01
9464,2009-04-01,14576139,2528,e009,ffff001d,standard_v01
9465,2009-04-01,3516139563,1210,ba04,ffff001d,standard_v01
9466,2009-04-01,72732337,48,30,ffff001d,standard_v01
9467,2009-04-01,28169034,2531,e309,ffff001d,standard_v01
9468,2009-04-01,2694053424,1221,c504,ffff001d,standard_v01
9469,2009-04-01,2026277408,1232,d004,ffff001d,standard_v01
9470,2009-04-01,2113314098,1239,d704,ffff001d,standard_v01
9471,2009-04-01,3195436054,1241,d904,ffff001d,standard_v01
9472,2009-04-01,446796,86,56,ffff001d,standard_v01
9473,2009-04-01,2141592085,1242,da04,ffff001d,standard_v01
9474,2009-04-01,39106841,88,58,ffff001d,standard_v01
9475,2009-04-01,10299668,1247,df04,ffff001d,standard_v01
9476,2009-04-01,2199001376,1262,ee04,ffff001d,standard_v01
9477,2009-04-01,2317593654,1284,0405,ffff001d,standard_v01
9478,2009-04-01,3475852345,1288,0805,ffff001d,standard_v01
9479,2009-04-01,1975554579,1291,0b05,ffff001d,standard_v01
9480,2009-04-01,3640859447,1298,1205,ffff001d,standard_v01
9481,2009-04-01,1172464952,1309,1d05,ffff001d,standard_v01
9482,2009-04-01,760468228,1311,1f05,ffff001d,standard_v01
9483,2009-04-01,1725277239,1313,2105,ffff001d,standard_v01
9484,2009-04-01,244825655,1325,2d05,ffff001d,standard_v01
9485,2009-04-01,1974558728,1332,3405,ffff001d,standard_v01
9486,2009-04-01,1129989634,1350,4605,ffff001d,standard_v01
9487,2009-04-01,49572198,1787,fb06,ffff001d,standard_v01
9488,2009-04-01,2152677376,1352,4805,ffff001d,standard_v01
9489,2009-04-01,4064100642,1355,4b05,ffff001d,standard_v01
9490,2009-04-01,115241758,1359,4f05,ffff001d,standard_v01
9491,2009-04-01,2213994779,1361,5105,ffff001d,standard_v01
9492,2009-04-01,287295792,1362,5205,ffff001d,standard_v01
9493,2009-04-01,2639955465,1377,6105,ffff001d,standard_v01
9494,2009-04-01,655293980,1383,6705,ffff001d,standard_v01
9495,2009-04-01,4441321,77,4d,ffff001d,standard_v01
9496,2009-04-01,147828634,4048,d00f,ffff001d,standard_v01
9497,2009-04-01,961057073,1385,6905,ffff001d,standard_v01
9498,2009-04-01,1234878764,1387,6b05,ffff001d,standard_v01
9499,2009-04-01,1115075893,1388,6c05,ffff001d,standard_v01
9500,2009-04-01,194414146,15,0f,ffff001d,standard_v01
9501,2009-04-01,2912570934,1389,6d05,ffff001d,standard_v01
9502,2009-04-01,4173119777,1395,7305,ffff001d,standard_v01
9503,2009-04-01,837590068,1396,7405,ffff001d,standard_v01
9504,2009-04-02,3862972964,1397,7505,ffff001d,standard_v01
9505,2009-04-02,199660180,29,1d,ffff001d,standard_v01
9506,2009-04-02,174090809,1401,7905,ffff001d,standard_v01
9507,2009-04-02,5736661,90,5a,ffff001d,standard_v01
9508,2009-04-02,2518402561,1403,7b05,ffff001d,standard_v01
9509,2009-04-02,919881513,1404,7c05,ffff001d,standard_v01
9510,2009-04-02,2626906907,1405,7d05,ffff001d,standard_v01
9511,2009-04-02,130444156,1811,1307,ffff001d,standard_v01
9512,2009-04-02,51274856,1812,1407,ffff001d,standard_v01
9513,2009-04-02,2862636034,1412,8405,ffff001d,standard_v01
9514,2009-04-02,3249534752,1418,8a05,ffff001d,standard_v01
9515,2009-04-02,1528286977,1424,9005,ffff001d,standard_v01
9516,2009-04-02,132537922,40,28,ffff001d,standard_v01
9517,2009-04-02,3358112815,1428,9405,ffff001d,standard_v01
9518,2009-04-02,1136875310,1436,9c05,ffff001d,standard_v01
9519,2009-04-02,14145896,101,65,ffff001d,standard_v01
9520,2009-04-02,93143060,1820,1c07,ffff001d,standard_v01
9521,2009-04-02,3842201094,1446,a605,ffff001d,standard_v01
9522,2009-04-02,2053222690,1449,a905,ffff001d,standard_v01
9523,2009-04-02,5011081,105,69,ffff001d,standard_v01
9524,2009-04-02,236629601,1824,2007,ffff001d,standard_v01
9525,2009-04-02,49821777,107,6b,ffff001d,standard_v01
9526,2009-04-02,1896270344,1453,ad05,ffff001d,standard_v01
9527,2009-04-02,857681408,1457,b105,ffff001d,standard_v01
9528,2009-04-02,46373474,52,34,ffff001d,standard_v01
9529,2009-04-02,4103918127,1475,c305,ffff001d,standard_v01
9530,2009-04-02,60485544,4082,f20f,ffff001d,standard_v01
9531,2009-04-02,2272293405,1481,c905,ffff001d,standard_v01
9532,2009-04-02,3438080313,1493,d505,ffff001d,standard_v01
9533,2009-04-02,238370147,57,39,ffff001d,standard_v01
9534,2009-04-02,28804383,116,74,ffff001d,standard_v01
9535,2009-04-02,3481443865,1498,da05,ffff001d,standard_v01
9536,2009-04-02,42196972,4088,f80f,ffff001d,standard_v01
9537,2009-04-02,1048534828,1502,de05,ffff001d,standard_v01
9538,2009-04-02,3561959173,1505,e105,ffff001d,standard_v01
9539,2009-04-02,187117714,121,79,ffff001d,standard_v01
9540,2009-04-02,2552752153,1508,e405,ffff001d,standard_v01
9541,2009-04-02,1453162548,1515,eb05,ffff001d,standard_v01
9542,2009-04-02,2877960239,1516,ec05,ffff001d,standard_v01
9543,2009-04-02,238822435,1529,f905,ffff001d,standard_v01
9544,2009-04-02,1648544555,1534,fe05,ffff001d,standard_v01
9545,2009-04-02,3173287959,1539,0306,ffff001d,standard_v01
9546,2009-04-02,3075627062,1543,0706,ffff001d,standard_v01
9547,2009-04-02,4280702008,1544,0806,ffff001d,standard_v01
9548,2009-04-02,657355780,1545,0906,ffff001d,standard_v01
9549,2009-04-02,1794821410,1546,0a06,ffff001d,standard_v01
9550,2009-04-02,118957867,1549,0d06,ffff001d,standard_v01
9551,2009-04-02,3821281841,1563,1b06,ffff001d,standard_v01
9552,2009-04-02,2613173556,1574,2606,ffff001d,standard_v01
9553,2009-04-02,46592274,136,8800,ffff001d,standard_v01
9554,2009-04-02,3732275462,1583,2f06,ffff001d,standard_v01
9555,2009-04-02,56973004,138,8a00,ffff001d,standard_v01
9556,2009-04-02,118023229,71,47,ffff001d,standard_v01
9557,2009-04-02,2869218871,1590,3606,ffff001d,standard_v01
9558,2009-04-02,896104501,1593,3906,ffff001d,standard_v01
9559,2009-04-02,52925930,4111,0f10,ffff001d,standard_v01
9560,2009-04-02,2073661224,1602,4206,ffff001d,standard_v01
9561,2009-04-02,1111506474,1609,4906,ffff001d,standard_v01
9562,2009-04-02,1690252289,1610,4a06,ffff001d,standard_v01
9563,2009-04-02,2793971200,1611,4b06,ffff001d,standard_v01
9564,2009-04-02,4291513347,1618,5206,ffff001d,standard_v01
9565,2009-04-02,3853234468,1625,5906,ffff001d,standard_v01
9566,2009-04-02,161335496,1866,4a07,ffff001d,standard_v01
9567,2009-04-02,4273868069,1640,6806,ffff001d,standard_v01
9568,2009-04-02,1918614792,1644,6c06,ffff001d,standard_v01
9569,2009-04-02,14973493,175,af00,ffff001d,standard_v01
9570,2009-04-02,4267015448,1678,8e06,ffff001d,standard_v01
9571,2009-04-02,198426930,1679,8f06,ffff001d,standard_v01
9572,2009-04-02,101115941,1684,9406,ffff001d,standard_v01
9573,2009-04-02,25081229,97,61,ffff001d,standard_v01
9574,2009-04-02,367637786,1685,9506,ffff001d,standard_v01
9575,2009-04-02,1255068722,1689,9906,ffff001d,standard_v01
9576,2009-04-02,68294184,1876,5407,ffff001d,standard_v01
9577,2009-04-02,2835147815,1693,9d06,ffff001d,standard_v01
9578,2009-04-02,879527731,1695,9f06,ffff001d,standard_v01
9579,2009-04-02,2805525018,1698,a206,ffff001d,standard_v01
9580,2009-04-02,2101829432,1702,a606,ffff001d,standard_v01
9581,2009-04-02,4132215845,1706,aa06,ffff001d,standard_v01
9582,2009-04-02,1842003487,1709,ad06,ffff001d,standard_v01
9583,2009-04-02,2796040984,1718,b606,ffff001d,standard_v01
9584,2009-04-02,3822689077,1731,c306,ffff001d,standard_v01
9585,2009-04-02,1312885551,1736,c806,ffff001d,standard_v01
9586,2009-04-02,1469334829,1744,d006,ffff001d,standard_v01
9587,2009-04-02,148821774,1887,5f07,ffff001d,standard_v01
9588,2009-04-02,2305261607,1748,d406,ffff001d,standard_v01
9589,2009-04-02,530955031,1754,da06,ffff001d,standard_v01
9590,2009-04-02,3344463148,1756,dc06,ffff001d,standard_v01
9591,2009-04-02,1343364118,1760,e006,ffff001d,standard_v01
9592,2009-04-02,1870093864,1771,eb06,ffff001d,standard_v01
9593,2009-04-02,3586820640,1779,f306,ffff001d,standard_v01
9594,2009-04-02,256810784,1784,f806,ffff001d,standard_v01
9595,2009-04-02,2173054258,1785,f906,ffff001d,standard_v01
9596,2009-04-02,1114102318,1801,0907,ffff001d,standard_v01
9597,2009-04-02,646754311,1802,0a07,ffff001d,standard_v01
9598,2009-04-02,1414962734,1804,0c07,ffff001d,standard_v01
9599,2009-04-02,1273135927,1809,1107,ffff001d,standard_v01
9600,2009-04-02,1009528832,1813,1507,ffff001d,standard_v01
9601,2009-04-02,2362675752,1816,1807,ffff001d,standard_v01
9602,2009-04-02,3007547953,1820,1c07,ffff001d,standard_v01
9603,2009-04-02,529569849,1830,2607,ffff001d,standard_v01
9604,2009-04-02,299818523,1841,3107,ffff001d,standard_v01
9605,2009-04-02,124449281,112,70,ffff001d,standard_v01
9606,2009-04-02,269087794,1842,3207,ffff001d,standard_v01
9607,2009-04-02,4018763313,1844,3407,ffff001d,standard_v01
9608,2009-04-02,3820534326,1846,3607,ffff001d,standard_v01
9609,2009-04-02,116588571,1857,4107,ffff001d,standard_v01
9610,2009-04-02,4046841137,1866,4a07,ffff001d,standard_v01
9611,2009-04-02,2853244449,1867,4b07,ffff001d,standard_v01
9612,2009-04-02,2655650093,1869,4d07,ffff001d,standard_v01
9613,2009-04-02,3037822465,1870,4e07,ffff001d,standard_v01
9614,2009-04-02,429065780,1874,5207,ffff001d,standard_v01
9615,2009-04-02,2443987464,1877,5507,ffff001d,standard_v01
9616,2009-04-02,4044097820,1885,5d07,ffff001d,standard_v01
9617,2009-04-02,536746500,1886,5e07,ffff001d,standard_v01
9618,2009-04-02,2925192196,1888,6007,ffff001d,standard_v01
9619,2009-04-03,631415303,1890,6207,ffff001d,standard_v01
9620,2009-04-03,3839804463,1891,6307,ffff001d,standard_v01
9621,2009-04-03,475104795,1894,6607,ffff001d,standard_v01
9622,2009-04-03,110039671,179,b300,ffff001d,standard_v01
9623,2009-04-03,46640471,180,b400,ffff001d,standard_v01
9624,2009-04-03,3382033686,1900,6c07,ffff001d,standard_v01
9625,2009-04-03,126943050,183,b700,ffff001d,standard_v01
9626,2009-04-03,1825125127,1901,6d07,ffff001d,standard_v01
9627,2009-04-03,2615476787,1908,7407,ffff001d,standard_v01
9628,2009-04-03,244444773,135,8700,ffff001d,standard_v01
9629,2009-04-03,4076937520,1919,7f07,ffff001d,standard_v01
9630,2009-04-03,2665412631,1925,8507,ffff001d,standard_v01
9631,2009-04-03,912257836,1929,8907,ffff001d,standard_v01
9632,2009-04-03,63459727,139,8b00,ffff001d,standard_v01
9633,2009-04-03,1833352999,1930,8a07,ffff001d,standard_v01
9634,2009-04-03,337580333,1931,8b07,ffff001d,standard_v01
9635,2009-04-03,188910409,193,c100,ffff001d,standard_v01
9636,2009-04-03,1403900453,1938,9207,ffff001d,standard_v01
9637,2009-04-03,814197028,1940,9407,ffff001d,standard_v01
9638,2009-04-03,879974714,1941,9507,ffff001d,standard_v01
9639,2009-04-03,2530504960,1942,9607,ffff001d,standard_v01
9640,2009-04-03,24131299,196,c400,ffff001d,standard_v01
9641,2009-04-03,234598751,197,c500,ffff001d,standard_v01
9642,2009-04-03,2516277280,1945,9907,ffff001d,standard_v01
9643,2009-04-03,3933080875,1948,9c07,ffff001d,standard_v01
9644,2009-04-03,3656898846,1949,9d07,ffff001d,standard_v01
9645,2009-04-03,2054384390,1961,a907,ffff001d,standard_v01
9646,2009-04-03,2457459475,1964,ac07,ffff001d,standard_v01
9647,2009-04-03,121262376,33,21,ffff001d,standard_v01
9648,2009-04-03,3555224633,1965,ad07,ffff001d,standard_v01
9649,2009-04-03,2775283992,1971,b307,ffff001d,standard_v01
9650,2009-04-03,1469319975,1973,b507,ffff001d,standard_v01
9651,2009-04-03,3045430790,1979,bb07,ffff001d,standard_v01
9652,2009-04-03,81580079,1983,bf07,ffff001d,standard_v01
9653,2009-04-03,2476271381,1984,c007,ffff001d,standard_v01
9654,2009-04-03,2604251444,1992,c807,ffff001d,standard_v01
9655,2009-04-03,2949937411,1994,ca07,ffff001d,standard_v01
9656,2009-04-03,48991934,4208,7010,ffff001d,standard_v01
9657,2009-04-03,83622366,164,a400,ffff001d,standard_v01
9658,2009-04-03,2786753590,1995,cb07,ffff001d,standard_v01
9659,2009-04-03,36272957,45,2d,ffff001d,standard_v01
9660,2009-04-03,1862978097,1997,cd07,ffff001d,standard_v01
9661,2009-04-03,2657076500,1999,cf07,ffff001d,standard_v01
9662,2009-04-03,2299571988,2002,d207,ffff001d,standard_v01
9663,2009-04-03,1310033705,2003,d307,ffff001d,standard_v01
9664,2009-04-03,3870331962,2005,d507,ffff001d,standard_v01
9665,2009-04-03,1963371812,2011,db07,ffff001d,standard_v01
9666,2009-04-03,61963841,272,1001,ffff001d,standard_v01
9667,2009-04-03,2177876502,2012,dc07,ffff001d,standard_v01
9668,2009-04-03,2475000105,2018,e207,ffff001d,standard_v01
9669,2009-04-03,530660868,2029,ed07,ffff001d,standard_v01
9670,2009-04-03,73283212,276,1401,ffff001d,standard_v01
9671,2009-04-03,2585272866,2031,ef07,ffff001d,standard_v01
9672,2009-04-03,2839024670,2035,f307,ffff001d,standard_v01
9673,2009-04-03,142255125,2037,f507,ffff001d,standard_v01
9674,2009-04-03,3474107173,2038,f607,ffff001d,standard_v01
9675,2009-04-03,3833020182,2048,0008,ffff001d,standard_v01
9676,2009-04-03,56587029,4228,8410,ffff001d,standard_v01
9677,2009-04-03,3716582400,2056,0808,ffff001d,standard_v01
9678,2009-04-03,2770194479,2060,0c08,ffff001d,standard_v01
9679,2009-04-03,126211837,186,ba00,ffff001d,standard_v01
9680,2009-04-03,294777126,2070,1608,ffff001d,standard_v01
9681,2009-04-03,4155943683,2075,1b08,ffff001d,standard_v01
9682,2009-04-03,242272539,2078,1e08,ffff001d,standard_v01
9683,2009-04-03,1843069997,2080,2008,ffff001d,standard_v01
9684,2009-04-03,4107683589,2081,2108,ffff001d,standard_v01
9685,2009-04-03,4129491738,2087,2708,ffff001d,standard_v01
9686,2009-04-03,3318419258,2096,3008,ffff001d,standard_v01
9687,2009-04-03,1681261599,2106,3a08,ffff001d,standard_v01
9688,2009-04-03,64770265,14,0e,ffff001d,standard_v01
9689,2009-04-03,93074689,174,ae00,ffff001d,standard_v01
9690,2009-04-03,1643240748,2108,3c08,ffff001d,standard_v01
9691,2009-04-03,511794949,2109,3d08,ffff001d,standard_v01
9692,2009-04-03,1935407657,2111,3f08,ffff001d,standard_v01
9693,2009-04-03,10847611,299,2b01,ffff001d,standard_v01
9694,2009-04-03,176347941,2125,4d08,ffff001d,standard_v01
9695,2009-04-03,252333415,180,b400,ffff001d,standard_v01
9696,2009-04-03,4068899610,2134,5608,ffff001d,standard_v01
9697,2009-04-03,357753860,2136,5808,ffff001d,standard_v01
9698,2009-04-03,2013976609,2142,5e08,ffff001d,standard_v01
9699,2009-04-03,129168049,206,ce00,ffff001d,standard_v01
9700,2009-04-03,694636825,2143,5f08,ffff001d,standard_v01
9701,2009-04-03,56655828,186,ba00,ffff001d,standard_v01
9702,2009-04-03,3621498633,2157,6d08,ffff001d,standard_v01
9703,2009-04-03,2448628023,2166,7608,ffff001d,standard_v01
9704,2009-04-03,3605603379,2170,7a08,ffff001d,standard_v01
9705,2009-04-03,4122852409,2182,8608,ffff001d,standard_v01
9706,2009-04-03,208191488,92,5c,ffff001d,standard_v01
9707,2009-04-03,3827474697,2186,8a08,ffff001d,standard_v01
9708,2009-04-03,151895249,215,d700,ffff001d,standard_v01
9709,2009-04-03,603122458,2192,9008,ffff001d,standard_v01
9710,2009-04-03,3713290776,2197,9508,ffff001d,standard_v01
9711,2009-04-03,287841252,218,da00,ffff001d,standard_v01
9712,2009-04-03,1624935705,2224,b008,ffff001d,standard_v01
9713,2009-04-03,32859159,2227,b308,ffff001d,standard_v01
9714,2009-04-03,113986070,198,c600,ffff001d,standard_v01
9715,2009-04-03,469114136,2237,bd08,ffff001d,standard_v01
9716,2009-04-03,166881145,102,66,ffff001d,standard_v01
9717,2009-04-03,786563105,2266,da08,ffff001d,standard_v01
9718,2009-04-03,3261024553,2270,de08,ffff001d,standard_v01
9719,2009-04-03,79800938,325,4501,ffff001d,standard_v01
9720,2009-04-03,3157072133,2274,e208,ffff001d,standard_v01
9721,2009-04-03,2919382046,2276,e408,ffff001d,standard_v01
9722,2009-04-03,4090284566,2280,e808,ffff001d,standard_v01
9723,2009-04-03,2140711702,2281,e908,ffff001d,standard_v01
9724,2009-04-03,275256064,231,e700,ffff001d,standard_v01
9725,2009-04-03,3912622385,2290,f208,ffff001d,standard_v01
9726,2009-04-03,2081414176,2298,fa08,ffff001d,standard_v01
9727,2009-04-03,13570263,113,71,ffff001d,standard_v01
9728,2009-04-03,332586017,2300,fc08,ffff001d,standard_v01
9729,2009-04-03,3755348021,2309,0509,ffff001d,standard_v01
9730,2009-04-03,2854747170,2319,0f09,ffff001d,standard_v01
9731,2009-04-03,11288152,337,5101,ffff001d,standard_v01
9732,2009-04-03,1033681692,2320,1009,ffff001d,standard_v01
9733,2009-04-03,1618844709,2337,2109,ffff001d,standard_v01
9734,2009-04-03,3710256427,2347,2b09,ffff001d,standard_v01
9735,2009-04-04,50407924,121,79,ffff001d,standard_v01
9736,2009-04-04,343697012,61,3d,ffff001d,standard_v01
9737,2009-04-04,599119662,2357,3509,ffff001d,standard_v01
9738,2009-04-04,1207600177,2363,3b09,ffff001d,standard_v01
9739,2009-04-04,33105665,4291,c310,ffff001d,standard_v01
9740,2009-04-04,2515707422,2374,4609,ffff001d,standard_v01
9741,2009-04-04,1629949188,2409,6909,ffff001d,standard_v01
9742,2009-04-04,986729784,2415,6f09,ffff001d,standard_v01
9743,2009-04-04,33352589,250,fa00,ffff001d,standard_v01
9744,2009-04-04,1136691,2419,7309,ffff001d,standard_v01
9745,2009-04-04,1891539509,2424,7809,ffff001d,standard_v01
9746,2009-04-04,966030119,2430,7e09,ffff001d,standard_v01
9747,2009-04-04,453556007,2448,9009,ffff001d,standard_v01
9748,2009-04-04,4234999042,2449,9109,ffff001d,standard_v01
9749,2009-04-04,1701174018,2458,9a09,ffff001d,standard_v01
9750,2009-04-04,3808580905,2464,a009,ffff001d,standard_v01
9751,2009-04-04,1528917802,2480,b009,ffff001d,standard_v01
9752,2009-04-04,926943796,2492,bc09,ffff001d,standard_v01
9753,2009-04-04,3068018995,2500,c409,ffff001d,standard_v01
9754,2009-04-04,818981172,2513,d109,ffff001d,standard_v01
9755,2009-04-04,205041184,238,ee00,ffff001d,standard_v01
9756,2009-04-04,1069513498,2519,d709,ffff001d,standard_v01
9757,2009-04-04,4143752495,2535,e709,ffff001d,standard_v01
9758,2009-04-04,4061632036,2538,ea09,ffff001d,standard_v01
9759,2009-04-04,3699053601,2543,ef09,ffff001d,standard_v01
9760,2009-04-04,25299181,4312,d810,ffff001d,standard_v01
9761,2009-04-04,3768953859,2560,000a,ffff001d,standard_v01
9762,2009-04-04,103550490,2565,050a,ffff001d,standard_v01
9763,2009-04-04,1942750260,2566,060a,ffff001d,standard_v01
9764,2009-04-04,265869862,2569,090a,ffff001d,standard_v01
9765,2009-04-04,3916840963,2573,0d0a,ffff001d,standard_v01
9766,2009-04-04,4202915349,2575,0f0a,ffff001d,standard_v01
9767,2009-04-04,2135401269,2576,100a,ffff001d,standard_v01
9768,2009-04-04,3889510144,2584,180a,ffff001d,standard_v01
9769,2009-04-04,862977584,2588,1c0a,ffff001d,standard_v01
9770,2009-04-04,104519248,4322,e210,ffff001d,standard_v01
9771,2009-04-04,811460101,2591,1f0a,ffff001d,standard_v01
9772,2009-04-04,1439029297,2593,210a,ffff001d,standard_v01
9773,2009-04-04,2456659251,2595,230a,ffff001d,standard_v01
9774,2009-04-04,1706623233,2596,240a,ffff001d,standard_v01
9775,2009-04-04,8419514,30,1e,ffff001d,standard_v01
9776,2009-04-04,3157252889,2602,2a0a,ffff001d,standard_v01
9777,2009-04-04,742223619,2603,2b0a,ffff001d,standard_v01
9778,2009-04-04,3076332065,2608,300a,ffff001d,standard_v01
9779,2009-04-04,98102728,2843,1b0b,ffff001d,standard_v01
9780,2009-04-04,566299064,166,a600,ffff001d,standard_v01
9781,2009-04-04,2125699102,4,04,ffff001d,standard_v01
9782,2009-04-04,26225185,19,13,ffff001d,standard_v01
9783,2009-04-04,633020447,23,17,ffff001d,standard_v01
9784,2009-04-04,4279119386,26,1a,ffff001d,standard_v01
9785,2009-04-04,1690486047,29,1d,ffff001d,standard_v01
9786,2009-04-04,183187492,31,1f,ffff001d,standard_v01
9787,2009-04-04,220131449,173,ad00,ffff001d,standard_v01
9788,2009-04-04,2140807213,35,23,ffff001d,standard_v01
9789,2009-04-04,63867863,4341,f510,ffff001d,standard_v01
9790,2009-04-04,4051795483,38,26,ffff001d,standard_v01
9791,2009-04-04,3033325857,45,2d,ffff001d,standard_v01
9792,2009-04-04,52983918,299,2b01,ffff001d,standard_v01
9793,2009-04-04,3006726191,50,32,ffff001d,standard_v01
9794,2009-04-04,1975328770,52,34,ffff001d,standard_v01
9795,2009-04-04,102678621,276,1401,ffff001d,standard_v01
9796,2009-04-04,8003631,61,3d,ffff001d,standard_v01
9797,2009-04-04,90097058,403,9301,ffff001d,standard_v01
9798,2009-04-04,18692946,4350,fe10,ffff001d,standard_v01
9799,2009-04-04,1579251248,63,3f,ffff001d,standard_v01
9800,2009-04-04,680978232,64,40,ffff001d,standard_v01
9801,2009-04-04,2205018933,67,43,ffff001d,standard_v01
9802,2009-04-04,3206163720,95,5f,ffff001d,standard_v01
9803,2009-04-04,3407590958,102,66,ffff001d,standard_v01
9804,2009-04-04,50197925,190,be00,ffff001d,standard_v01
9805,2009-04-04,79476176,312,3801,ffff001d,standard_v01
9806,2009-04-04,30042699,287,1f01,ffff001d,standard_v01
9807,2009-04-04,113197475,314,3a01,ffff001d,standard_v01
9808,2009-04-04,3965382422,112,70,ffff001d,standard_v01
9809,2009-04-04,1998757,195,c300,ffff001d,standard_v01
9810,2009-04-04,1756563244,116,74,ffff001d,standard_v01
9811,2009-04-04,37934249,13,0d,ffff001d,standard_v01
9812,2009-04-04,2722422315,118,76,ffff001d,standard_v01
9813,2009-04-04,376708891,121,79,ffff001d,standard_v01
9814,2009-04-04,3895295510,122,7a,ffff001d,standard_v01
9815,2009-04-04,4159975710,134,8600,ffff001d,standard_v01
9816,2009-04-04,187839529,139,8b00,ffff001d,standard_v01
9817,2009-04-04,152252109,19,13,ffff001d,standard_v01
9818,2009-04-04,4025919240,143,8f00,ffff001d,standard_v01
9819,2009-04-04,3170649646,146,9200,ffff001d,standard_v01
9820,2009-04-04,982368806,148,9400,ffff001d,standard_v01
9821,2009-04-04,2079804182,155,9b00,ffff001d,standard_v01
9822,2009-04-04,3347568645,165,a500,ffff001d,standard_v01
9823,2009-04-04,682302215,166,a600,ffff001d,standard_v01
9824,2009-04-04,4178360624,173,ad00,ffff001d,standard_v01
9825,2009-04-04,366014229,188,bc00,ffff001d,standard_v01
9826,2009-04-04,1432320295,210,d200,ffff001d,standard_v01
9827,2009-04-04,4033342247,218,da00,ffff001d,standard_v01
9828,2009-04-04,1253293316,222,de00,ffff001d,standard_v01
9829,2009-04-04,73525183,435,b301,ffff001d,standard_v01
9830,2009-04-04,123837992,230,e600,ffff001d,standard_v01
9831,2009-04-04,2008523059,245,f500,ffff001d,standard_v01
9832,2009-04-04,238496057,313,3901,ffff001d,standard_v01
9833,2009-04-04,1583900215,250,fa00,ffff001d,standard_v01
9834,2009-04-04,132160124,315,3b01,ffff001d,standard_v01
9835,2009-04-04,4002930711,251,fb00,ffff001d,standard_v01
9836,2009-04-04,1427989251,252,fc00,ffff001d,standard_v01
9837,2009-04-04,707935542,253,fd00,ffff001d,standard_v01
9838,2009-04-04,34615383,3,03,ffff001d,standard_v01
9839,2009-04-04,3747425798,254,fe00,ffff001d,standard_v01
9840,2009-04-04,2683211270,257,0101,ffff001d,standard_v01
9841,2009-04-04,2749377590,263,0701,ffff001d,standard_v01
9842,2009-04-04,1421711873,264,0801,ffff001d,standard_v01
9843,2009-04-04,420206112,8,08,ffff001d,standard_v01
9844,2009-04-04,4282246955,287,1f01,ffff001d,standard_v01
9845,2009-04-04,1037040182,290,2201,ffff001d,standard_v01
9846,2009-04-04,1189557021,304,3001,ffff001d,standard_v01
9847,2009-04-04,4140331796,307,3301,ffff001d,standard_v01
9848,2009-04-05,2358792999,308,3401,ffff001d,standard_v01
9849,2009-04-05,581860399,315,3b01,ffff001d,standard_v01
9850,2009-04-05,291660836,327,4701,ffff001d,standard_v01
9851,2009-04-05,4232113190,328,4801,ffff001d,standard_v01
9852,2009-04-05,2295724838,330,4a01,ffff001d,standard_v01
9853,2009-04-05,98207330,4405,3511,ffff001d,standard_v01
9854,2009-04-05,971545898,334,4e01,ffff001d,standard_v01
9855,2009-04-05,273556738,352,6001,ffff001d,standard_v01
9856,2009-04-05,316002091,221,dd00,ffff001d,standard_v01
9857,2009-04-05,11665059,337,5101,ffff001d,standard_v01
9858,2009-04-05,4118683141,355,6301,ffff001d,standard_v01
9859,2009-04-05,91723783,224,e000,ffff001d,standard_v01
9860,2009-04-05,712262433,357,6501,ffff001d,standard_v01
9861,2009-04-05,3608516903,368,7001,ffff001d,standard_v01
9862,2009-04-05,2276185397,378,7a01,ffff001d,standard_v01
9863,2009-04-05,988664084,386,8201,ffff001d,standard_v01
9864,2009-04-05,3197822209,387,8301,ffff001d,standard_v01
9865,2009-04-05,146678643,372,7401,ffff001d,standard_v01
9866,2009-04-05,1562044934,408,9801,ffff001d,standard_v01
9867,2009-04-05,423597104,418,a201,ffff001d,standard_v01
9868,2009-04-05,17381298,233,e900,ffff001d,standard_v01
9869,2009-04-05,4190875414,420,a401,ffff001d,standard_v01
9870,2009-04-05,70028460,235,eb00,ffff001d,standard_v01
9871,2009-04-05,1590396198,426,aa01,ffff001d,standard_v01
9872,2009-04-05,16710024,74,4a,ffff001d,standard_v01
9873,2009-04-05,208334875,427,ab01,ffff001d,standard_v01
9874,2009-04-05,3112131882,433,b101,ffff001d,standard_v01
9875,2009-04-05,746257197,435,b301,ffff001d,standard_v01
9876,2009-04-05,42168770,383,7f01,ffff001d,standard_v01
9877,2009-04-05,3925511480,437,b501,ffff001d,standard_v01
9878,2009-04-05,82254511,385,8101,ffff001d,standard_v01
9879,2009-04-05,1613387041,440,b801,ffff001d,standard_v01
9880,2009-04-05,2930522412,446,be01,ffff001d,standard_v01
9881,2009-04-05,101977805,4433,5111,ffff001d,standard_v01
9882,2009-04-05,2880707605,455,c701,ffff001d,standard_v01
9883,2009-04-05,1457879608,463,cf01,ffff001d,standard_v01
9884,2009-04-05,2716924186,467,d301,ffff001d,standard_v01
9885,2009-04-05,3640648484,469,d501,ffff001d,standard_v01
9886,2009-04-05,2632367880,473,d901,ffff001d,standard_v01
9887,2009-04-05,256183996,252,fc00,ffff001d,standard_v01
9888,2009-04-05,82978701,253,fd00,ffff001d,standard_v01
9889,2009-04-05,3693227066,485,e501,ffff001d,standard_v01
9890,2009-04-05,135182175,255,ff00,ffff001d,standard_v01
9891,2009-04-05,993495062,496,f001,ffff001d,standard_v01
9892,2009-04-05,1767151923,499,f301,ffff001d,standard_v01
9893,2009-04-05,303201170,373,7501,ffff001d,standard_v01
9894,2009-04-05,3977942839,503,f701,ffff001d,standard_v01
9895,2009-04-05,86393382,504,f801,ffff001d,standard_v01
9896,2009-04-05,197544521,376,7801,ffff001d,standard_v01
9897,2009-04-05,167255679,404,9401,ffff001d,standard_v01
9898,2009-04-05,3106255903,517,0502,ffff001d,standard_v01
9899,2009-04-05,1501561379,519,0702,ffff001d,standard_v01
9900,2009-04-05,2571692822,535,1702,ffff001d,standard_v01
9901,2009-04-05,126586009,4453,6511,ffff001d,standard_v01
9902,2009-04-05,247054897,542,1e02,ffff001d,standard_v01
9903,2009-04-05,2428832033,543,1f02,ffff001d,standard_v01
9904,2009-04-05,6121365,4456,6811,ffff001d,standard_v01
9905,2009-04-05,62024055,270,0e01,ffff001d,standard_v01
9906,2009-04-05,3135344430,556,2c02,ffff001d,standard_v01
9907,2009-04-05,138434807,108,6c,ffff001d,standard_v01
9908,2009-04-05,1369539111,570,3a02,ffff001d,standard_v01
9909,2009-04-05,2090380324,572,3c02,ffff001d,standard_v01
9910,2009-04-05,2743171073,577,4102,ffff001d,standard_v01
9911,2009-04-05,2072777222,581,4502,ffff001d,standard_v01
9912,2009-04-05,3261165873,584,4802,ffff001d,standard_v01
9913,2009-04-05,798915363,585,4902,ffff001d,standard_v01
9914,2009-04-05,2536398635,586,4a02,ffff001d,standard_v01
9915,2009-04-05,54087853,422,a601,ffff001d,standard_v01
9916,2009-04-05,58338327,394,8a01,ffff001d,standard_v01
9917,2009-04-05,2094141744,587,4b02,ffff001d,standard_v01
9918,2009-04-05,2428088623,595,5302,ffff001d,standard_v01
9919,2009-04-05,216681294,397,8d01,ffff001d,standard_v01
9920,2009-04-05,73519100,427,ab01,ffff001d,standard_v01
9921,2009-04-05,2094260755,597,5502,ffff001d,standard_v01
9922,2009-04-05,1950924035,615,6702,ffff001d,standard_v01
9923,2009-04-05,3951405360,617,6902,ffff001d,standard_v01
9924,2009-04-05,2428053280,627,7302,ffff001d,standard_v01
9925,2009-04-05,4084051989,628,7402,ffff001d,standard_v01
9926,2009-04-05,488035352,631,7702,ffff001d,standard_v01
9927,2009-04-05,3121899826,632,7802,ffff001d,standard_v01
9928,2009-04-05,2768331557,635,7b02,ffff001d,standard_v01
9929,2009-04-05,2181591850,638,7e02,ffff001d,standard_v01
9930,2009-04-05,66729674,4481,8111,ffff001d,standard_v01
9931,2009-04-05,236740121,641,8102,ffff001d,standard_v01
9932,2009-04-05,2912311342,645,8502,ffff001d,standard_v01
9933,2009-04-05,1496961331,646,8602,ffff001d,standard_v01
9934,2009-04-05,4047817519,650,8a02,ffff001d,standard_v01
9935,2009-04-05,16434097,190,be00,ffff001d,standard_v01
9936,2009-04-05,711220535,654,8e02,ffff001d,standard_v01
9937,2009-04-05,22445444,4488,8811,ffff001d,standard_v01
9938,2009-04-05,1732088865,656,9002,ffff001d,standard_v01
9939,2009-04-05,416192034,658,9202,ffff001d,standard_v01
9940,2009-04-05,1851584033,661,9502,ffff001d,standard_v01
9941,2009-04-05,52569991,142,8e00,ffff001d,standard_v01
9942,2009-04-05,2551599873,667,9b02,ffff001d,standard_v01
9943,2009-04-05,131537074,421,a501,ffff001d,standard_v01
9944,2009-04-05,870967,671,9f02,ffff001d,standard_v01
9945,2009-04-05,4219149612,673,a102,ffff001d,standard_v01
9946,2009-04-05,2936598327,674,a202,ffff001d,standard_v01
9947,2009-04-05,3069700866,675,a302,ffff001d,standard_v01
9948,2009-04-05,764430638,677,a502,ffff001d,standard_v01
9949,2009-04-05,1960133669,679,a702,ffff001d,standard_v01
9950,2009-04-05,323415430,151,9700,ffff001d,standard_v01
9951,2009-04-05,1746691849,681,a902,ffff001d,standard_v01
9952,2009-04-05,676363045,688,b002,ffff001d,standard_v01
9953,2009-04-05,1581811456,695,b702,ffff001d,standard_v01
9954,2009-04-05,84908894,319,3f01,ffff001d,standard_v01
9955,2009-04-05,2988081700,698,ba02,ffff001d,standard_v01
9956,2009-04-05,1965214984,704,c002,ffff001d,standard_v01
9957,2009-04-05,2466768438,709,c502,ffff001d,standard_v01
9958,2009-04-05,103035547,435,b301,ffff001d,standard_v01
9959,2009-04-05,2452285730,714,ca02,ffff001d,standard_v01
9960,2009-04-05,1016306453,721,d102,ffff001d,standard_v01
9961,2009-04-05,2095787559,735,df02,ffff001d,standard_v01
9962,2009-04-05,1431176739,737,e102,ffff001d,standard_v01
9963,2009-04-05,2818149420,740,e402,ffff001d,standard_v01
9964,2009-04-05,1168310293,742,e602,ffff001d,standard_v01
9965,2009-04-05,2363548215,743,e702,ffff001d,standard_v01
9966,2009-04-05,47026580,3032,d80b,ffff001d,standard_v01
9967,2009-04-05,892268588,754,f202,ffff001d,standard_v01
9968,2009-04-05,2868065536,760,f802,ffff001d,standard_v01
9969,2009-04-05,3822689844,762,fa02,ffff001d,standard_v01
9970,2009-04-05,1207192329,763,fb02,ffff001d,standard_v01
9971,2009-04-05,301081644,764,fc02,ffff001d,standard_v01
9972,2009-04-05,3306526750,771,0303,ffff001d,standard_v01
9973,2009-04-05,122580665,482,e201,ffff001d,standard_v01
9974,2009-04-05,871021063,774,0603,ffff001d,standard_v01
9975,2009-04-05,19768578,3041,e10b,ffff001d,standard_v01
9976,2009-04-05,3999968281,780,0c03,ffff001d,standard_v01
9977,2009-04-05,147414567,786,1203,ffff001d,standard_v01
9978,2009-04-06,69816781,345,5901,ffff001d,standard_v01
9979,2009-04-06,49044971,346,5a01,ffff001d,standard_v01
9980,2009-04-06,3853468422,790,1603,ffff001d,standard_v01
9981,2009-04-06,32336417,3047,e70b,ffff001d,standard_v01
9982,2009-04-06,6903845,491,eb01,ffff001d,standard_v01
9983,2009-04-06,25220711,185,b900,ffff001d,standard_v01
9984,2009-04-06,3089676851,797,1d03,ffff001d,standard_v01
9985,2009-04-06,3580740355,810,2a03,ffff001d,standard_v01
9986,2009-04-06,3689998336,812,2c03,ffff001d,standard_v01
9987,2009-04-06,3103150876,815,2f03,ffff001d,standard_v01
9988,2009-04-06,108282998,466,d201,ffff001d,standard_v01
9989,2009-04-06,3129511978,816,3003,ffff001d,standard_v01
9990,2009-04-06,1771462406,822,3603,ffff001d,standard_v01
9991,2009-04-06,3273981203,826,3a03,ffff001d,standard_v01
9992,2009-04-06,181072685,501,f501,ffff001d,standard_v01
9993,2009-04-06,220590751,5,05,ffff001d,standard_v01
9994,2009-04-06,1805108249,842,4a03,ffff001d,standard_v01
9995,2009-04-06,37411660,4548,c411,ffff001d,standard_v01
9996,2009-04-06,3890397751,846,4e03,ffff001d,standard_v01
9997,2009-04-06,3408807980,864,6003,ffff001d,standard_v01
9998,2009-04-06,155049271,365,6d01,ffff001d,standard_v01
9999,2009-04-06,3568610608,876,6c03,ffff001d,standard_v01
10000,2009-04-06,2145410362,879,6f03,ffff001d,standard_v01
