Block,Hash,Date,TX Count,Nonce,Coinbase ASCII,Coinbase Hex,OP_RETURN Count,OP_RETURN Data
9000,00000000415c7a0f...,2009-03-28T15:05:10+00:00,1,2656372516,......f.,04ffff001d026606,0,
9001,0000000003755221...,2009-03-28T15:16:05+00:00,1,3333321528,......j.,04ffff001d026a06,0,
9002,000000009a2c01f2...,2009-03-28T15:19:00+00:00,1,67338003,......V,04ffff001d0156,0,
9003,00000000544f0dab...,2009-03-28T15:30:45+00:00,1,95601110,........,04ffff001d02df0d,0,
9004,00000000afaa28d7...,2009-03-28T15:38:37+00:00,1,3383103007,......l.,04ffff001d026c06,0,
9005,0000000084c854eb...,2009-03-28T15:54:04+00:00,1,3155907353,......v.,04ffff001d027606,0,
9006,00000000d6254157...,2009-03-28T16:06:49+00:00,4,66015765,.......,04ffff001d0119,0,
9007,00000000e4a25e59...,2009-03-28T16:10:38+00:00,1,3148254766,........,04ffff001d027f06,0,
9008,000000007c4ac02d...,2009-03-28T16:18:53+00:00,1,3846419995,........,04ffff001d028406,0,
9009,00000000b428c064...,2009-03-28T16:38:16+00:00,1,1367934245,........,04ffff001d029206,0,
9010,00000000dfe0e38f...,2009-03-28T16:43:33+00:00,1,103408950,........,04ffff001d02f803,0,
9011,000000003093404f...,2009-03-28T16:45:40+00:00,1,1174654506,........,04ffff001d029406,0,
9012,000000004c6fa7aa...,2009-03-28T16:58:55+00:00,1,378136832,........,04ffff001d029706,0,
9013,00000000a2185f1a...,2009-03-28T17:14:14+00:00,1,1204155938,........,04ffff001d029906,0,
9014,000000009cfa56aa...,2009-03-28T17:38:52+00:00,1,1952920064,........,04ffff001d029a06,0,
9015,0000000014ae4726...,2009-03-28T17:59:51+00:00,1,2304897056,........,04ffff001d029f06,0,
9016,0000000032eab475...,2009-03-28T18:08:17+00:00,1,1338195732,........,04ffff001d02a306,0,
9017,00000000e9572df5...,2009-03-28T18:22:01+00:00,1,224701023,......A.,04ffff001d024105,0,
9018,000000008140175d...,2009-03-28T18:26:48+00:00,1,2119172911,........,04ffff001d02a706,0,
9019,00000000dd4a55f4...,2009-03-28T18:35:02+00:00,1,39949790,......4.,04ffff001d023408,0,
9020,00000000dc72caa6...,2009-03-28T18:50:12+00:00,1,4140877368,........,04ffff001d02a806,0,
9021,0000000007be87cc...,2009-03-28T19:07:21+00:00,1,747021093,........,04ffff001d02b806,0,
9022,000000005985ddd4...,2009-03-28T19:26:06+00:00,1,822901814,........,04ffff001d02be06,0,
9023,0000000084bf16c1...,2009-03-28T19:40:10+00:00,1,3927047936,........,04ffff001d02c306,0,
9024,0000000087143944...,2009-03-28T19:55:04+00:00,1,159280147,........,04ffff001d02a707,0,
9025,000000008fdf75bf...,2009-03-28T19:57:43+00:00,1,2698314518,........,04ffff001d02c606,0,
9026,0000000078e21b4a...,2009-03-28T20:20:03+00:00,1,239002523,........,04ffff001d02a907,0,
9027,0000000026877aca...,2009-03-28T20:21:45+00:00,1,1578217759,........,04ffff001d02d106,0,
9028,00000000b9fb4b45...,2009-03-28T20:29:15+00:00,1,3239326997,........,04ffff001d02d706,0,
9029,00000000a712efd9...,2009-03-28T20:40:14+00:00,1,2497850143,........,04ffff001d02db06,0,
9030,00000000d1c827fe...,2009-03-28T20:55:39+00:00,1,3391575606,........,04ffff001d02e606,0,
9031,00000000adee4235...,2009-03-28T21:16:04+00:00,1,1926952448,........,04ffff001d02e806,0,
9032,00000000f56c97f1...,2009-03-28T21:25:24+00:00,1,298500389,........,04ffff001d02eb06,0,
9033,0000000022f4585c...,2009-03-28T21:34:32+00:00,1,2160248584,........,04ffff001d02f006,0,
9034,00000000e0f76cad...,2009-03-28T21:50:51+00:00,1,2732616477,........,04ffff001d02f206,0,
9035,000000005aa3c1ee...,2009-03-28T22:02:51+00:00,1,3635079171,........,04ffff001d02f306,0,
9036,000000008cdfaf51...,2009-03-28T22:10:45+00:00,1,1987892792,........,04ffff001d02fc06,0,
9037,0000000093506413...,2009-03-28T22:25:59+00:00,1,1801003785,........,04ffff001d020507,0,
9038,0000000021c12ba8...,2009-03-28T22:49:52+00:00,1,2008906260,........,04ffff001d020707,0,
9039,00000000944a6986...,2009-03-28T23:04:29+00:00,1,2077430584,........,04ffff001d020807,0,
9040,00000000708e3b44...,2009-03-28T23:19:56+00:00,1,921083393,........,04ffff001d021307,0,
9041,00000000543f619a...,2009-03-28T23:32:00+00:00,1,2108035380,......#.,04ffff001d022307,0,
9042,00000000723dc61e...,2009-03-28T23:42:16+00:00,1,47950772,......K.,04ffff001d024b08,0,
9043,000000000cf3061f...,2009-03-28T23:46:39+00:00,1,2290779433,......$.,04ffff001d022407,0,
9044,000000001e8e2046...,2009-03-29T00:03:16+00:00,1,1298218790,......0.,04ffff001d023007,0,
9045,000000000f5ec0f4...,2009-03-29T00:04:33+00:00,1,24788004,........,04ffff001d021b04,0,
9046,00000000a9f7951b...,2009-03-29T00:14:10+00:00,1,1139209495,......1.,04ffff001d023107,0,
9047,00000000652518bc...,2009-03-29T00:36:16+00:00,1,947415319,......6.,04ffff001d023607,0,
9048,000000001247f067...,2009-03-29T00:42:53+00:00,1,165255956,......8.,04ffff001d023807,0,
9049,00000000c76b0b67...,2009-03-29T02:00:07+00:00,1,330290724,......:.,04ffff001d023a07,0,
9050,000000009a3062e2...,2009-03-29T02:23:54+00:00,1,3018918426,......?.,04ffff001d023f07,0,
9051,00000000ecd78365...,2009-03-29T02:39:55+00:00,1,2304385331,......E.,04ffff001d024507,0,
9052,000000008e8e0681...,2009-03-29T03:04:05+00:00,1,224241519,........,04ffff001d02130e,0,
9053,00000000e72bcf1a...,2009-03-29T03:06:05+00:00,1,2110922544,......_.,04ffff001d025f07,0,
9054,000000001b936044...,2009-03-29T03:31:44+00:00,1,2790331656,......e.,04ffff001d026507,0,
9055,00000000e25dc130...,2009-03-29T03:39:08+00:00,1,3602893338,......g.,04ffff001d026707,0,
9056,000000008b782db4...,2009-03-29T03:53:33+00:00,1,2751919640,......i.,04ffff001d026907,0,
9057,000000007463719f...,2009-03-29T04:03:11+00:00,1,932118548,......j.,04ffff001d026a07,0,
9058,00000000970a3b8d...,2009-03-29T04:25:45+00:00,1,4097954327,......q.,04ffff001d027107,0,
9059,00000000eb8c12cc...,2009-03-29T04:44:34+00:00,1,247283763,......w.,04ffff001d027707,0,
9060,00000000c0aba433...,2009-03-29T04:54:52+00:00,1,70408200,......7,04ffff001d0137,0,
9061,000000001a8eabe6...,2009-03-29T04:58:36+00:00,1,1905006851,........,04ffff001d028407,0,
9062,00000000f223596b...,2009-03-29T05:18:55+00:00,1,1923920649,........,04ffff001d028807,0,
9063,000000003b89eaf7...,2009-03-29T05:35:37+00:00,1,2669376058,........,04ffff001d028b07,0,
9064,000000009124fb96...,2009-03-29T05:47:50+00:00,1,176140080,........,04ffff001d029307,0,
9065,00000000af232d64...,2009-03-29T06:06:03+00:00,1,313425442,........,04ffff001d029707,0,
9066,000000005703c320...,2009-03-29T06:26:12+00:00,1,33109275,........,04ffff001d029b07,0,
9067,00000000e49bdcc2...,2009-03-29T06:33:03+00:00,1,4028655363,........,04ffff001d029f07,0,
9068,000000002dd130f8...,2009-03-29T06:52:33+00:00,1,3032699395,........,04ffff001d02a107,0,
9069,00000000710587f7...,2009-03-29T07:07:57+00:00,1,470093313,........,04ffff001d02b407,0,
9070,000000008a7dce4e...,2009-03-29T07:24:50+00:00,1,1107790897,........,04ffff001d02bc07,0,
9071,0000000013cffeff...,2009-03-29T07:35:38+00:00,1,1249839622,........,04ffff001d02c907,0,
9072,00000000ddc9488a...,2009-03-29T07:44:14+00:00,1,884484888,........,04ffff001d02cd07,0,
9073,0000000099d34e8a...,2009-03-29T07:58:56+00:00,1,3914693162,........,04ffff001d02ce07,0,
9074,00000000667c4073...,2009-03-29T08:05:58+00:00,1,4053321004,........,04ffff001d02d007,0,
9075,0000000075d9598b...,2009-03-29T08:12:27+00:00,1,2698295072,........,04ffff001d02d107,0,
9076,000000007fbc8d2f...,2009-03-29T08:27:20+00:00,1,3979656249,........,04ffff001d02dd07,0,
9077,0000000062cb26ab...,2009-03-29T08:26:55+00:00,1,15313053,........,04ffff001d02a400,0,
9078,000000005e92e6fc...,2009-03-29T08:35:16+00:00,1,2338557233,........,04ffff001d02df07,0,
9079,000000007566f449...,2009-03-29T08:42:58+00:00,1,3281442596,........,04ffff001d02e407,0,
9080,00000000b1ef17a7...,2009-03-29T09:01:05+00:00,1,2784892456,........,04ffff001d02f407,0,
9081,00000000f1f19eac...,2009-03-29T09:11:23+00:00,1,3674819878,........,04ffff001d020208,0,
9082,00000000bef4d56b...,2009-03-29T09:25:50+00:00,1,3594915890,........,04ffff001d020308,0,
9083,00000000522e3f73...,2009-03-29T09:34:57+00:00,1,3228372514,........,04ffff001d020d08,0,
9084,000000005da08bba...,2009-03-29T09:48:37+00:00,1,1643144222,........,04ffff001d020f08,0,
9085,000000004b803960...,2009-03-29T10:06:05+00:00,1,2686022677,........,04ffff001d021408,0,
9086,000000006fc7695e...,2009-03-29T10:10:32+00:00,1,93229980,........,04ffff001d02ad00,0,
9087,000000002c639cf3...,2009-03-29T10:20:49+00:00,1,1903719726,........,04ffff001d021608,0,
9088,00000000310390cf...,2009-03-29T10:44:09+00:00,1,204555575,........,04ffff001d021908,0,
9089,00000000ef2a79f1...,2009-03-29T11:01:48+00:00,1,1856233479,........,04ffff001d021b08,0,
9090,0000000093ca40d3...,2009-03-29T11:12:28+00:00,1,3547058997,"......"".",04ffff001d022208,0,
9091,00000000196408e7...,2009-03-29T11:14:15+00:00,1,28308953,......n.,04ffff001d026e05,0,
9092,00000000dd7777c0...,2009-03-29T11:30:19+00:00,1,1322662921,......*.,04ffff001d022a08,0,
9093,00000000848017cd...,2009-03-29T11:40:52+00:00,1,7940357,........,04ffff001d022e08,0,
9094,00000000adf64eca...,2009-03-29T11:47:44+00:00,1,135002224,........,04ffff001d022e04,0,
9095,00000000d0da55d1...,2009-03-29T11:49:56+00:00,1,1364007962,......;.,04ffff001d023b08,0,
9096,000000000a19c798...,2009-03-29T12:02:30+00:00,1,1712706854,......<.,04ffff001d023c08,0,
9097,00000000941c213f...,2009-03-29T12:09:08+00:00,1,1181008682,......?.,04ffff001d023f08,0,
9098,000000008322a2d1...,2009-03-29T12:12:33+00:00,1,87689641,......r,04ffff001d0172,0,
9099,0000000088693bf4...,2009-03-29T12:17:57+00:00,1,3649381163,......B.,04ffff001d024208,0,
9100,0000000071a16410...,2009-03-29T12:27:37+00:00,1,2488664361,......I.,04ffff001d024908,0,
9101,00000000a23e5952...,2009-03-29T12:46:41+00:00,1,3690226733,......O.,04ffff001d024f08,0,
9102,0000000002970357...,2009-03-29T13:07:59+00:00,1,4203659800,......S.,04ffff001d025308,0,
9103,00000000c8df594d...,2009-03-29T13:10:08+00:00,1,20804318,........,04ffff001d02f607,0,
9104,00000000348a6c03...,2009-03-29T13:28:52+00:00,1,3642607388,......q.,04ffff001d027108,0,
9105,00000000eb5d25e4...,2009-03-29T13:46:45+00:00,1,255045633,......r.,04ffff001d027208,0,
9106,000000001be17e3d...,2009-03-29T13:58:03+00:00,1,658698287,......u.,04ffff001d027508,0,
9107,000000007b187435...,2009-03-29T14:21:21+00:00,1,4182827554,......{.,04ffff001d027b08,0,
9108,0000000021d6651d...,2009-03-29T14:32:16+00:00,1,2586348037,......|.,04ffff001d027c08,0,
9109,00000000214185ad...,2009-03-29T14:34:47+00:00,1,61714228,........,04ffff001d02c400,0,
9110,000000009af8de91...,2009-03-29T14:48:47+00:00,1,1190788648,........,04ffff001d027f08,0,
9111,00000000acf14366...,2009-03-29T14:53:56+00:00,1,43975464,......N.,04ffff001d024e0e,0,
9112,0000000070e7c209...,2009-03-29T14:55:38+00:00,1,4363453,......l,04ffff001d016c,0,
9113,000000004b23d8bf...,2009-03-29T14:56:37+00:00,1,3435983409,........,04ffff001d028108,0,
9114,00000000b22ba847...,2009-03-29T15:07:52+00:00,1,1024757538,........,04ffff001d028408,0,
9115,00000000e73b55fc...,2009-03-29T15:23:19+00:00,1,3077471517,........,04ffff001d029608,0,
9116,00000000e5bd16bc...,2009-03-29T15:40:04+00:00,1,138159405,........,04ffff001d029908,0,
9117,00000000d25fe039...,2009-03-29T15:48:05+00:00,1,13084348,......m,04ffff001d016d,0,
9118,00000000b87c684f...,2009-03-29T16:02:57+00:00,1,3846060575,........,04ffff001d029c08,0,
9119,000000004a0bb4b3...,2009-03-29T16:23:15+00:00,1,2881967110,........,04ffff001d02b908,0,
9120,00000000a991eb99...,2009-03-29T16:32:57+00:00,1,3424103730,........,04ffff001d02c708,0,
9121,00000000819d198e...,2009-03-29T16:43:55+00:00,1,215028846,......I.,04ffff001d024904,0,
9122,00000000d4ff8c14...,2009-03-29T16:57:10+00:00,1,214952373,........,04ffff001d028d05,0,
9123,00000000c12a7692...,2009-03-29T16:57:52+00:00,1,843077937,........,04ffff001d02cd08,0,
9124,0000000096e07272...,2009-03-29T17:16:24+00:00,1,1887325743,........,04ffff001d02d008,0,
9125,000000003be9486e...,2009-03-29T17:17:44+00:00,1,26907174,......M.,04ffff001d024d04,0,
9126,000000009f8db5a8...,2009-03-29T17:23:17+00:00,1,2080929307,........,04ffff001d02d508,0,
9127,0000000039f74ad1...,2009-03-29T17:48:24+00:00,1,2728494855,........,04ffff001d02d908,0,
9128,00000000329ba70d...,2009-03-29T18:11:19+00:00,1,4003630106,........,04ffff001d02de08,0,
9129,00000000f94d9579...,2009-03-29T18:29:47+00:00,1,4065232153,........,04ffff001d02fa08,0,
9130,00000000bbda61bd...,2009-03-29T18:53:18+00:00,1,3288650294,........,04ffff001d02fb08,0,
9131,00000000aa397b76...,2009-03-29T18:55:47+00:00,1,49150342,......S.,04ffff001d025304,0,
9132,000000006f67edbc...,2009-03-29T19:16:14+00:00,1,3053614378,........,04ffff001d02ff08,0,
9133,000000003bcc5b1f...,2009-03-29T19:36:15+00:00,1,1070357761,........,04ffff001d020609,0,
9134,00000000346fda02...,2009-03-29T19:38:30+00:00,1,57942506,........,04ffff001d02dd00,0,
9135,00000000cb9d89fb...,2009-03-29T19:51:05+00:00,1,2514366764,........,04ffff001d020a09,0,
9136,00000000b9081b0b...,2009-03-29T20:09:36+00:00,1,3134143771,........,04ffff001d020b09,0,
9137,00000000d3031c28...,2009-03-29T20:23:56+00:00,1,1989902629,........,04ffff001d020f09,0,
9138,000000004ab38b96...,2009-03-29T20:34:33+00:00,1,2400227849,........,04ffff001d021209,0,
9139,000000008488ed3e...,2009-03-29T20:57:11+00:00,1,2858734392,........,04ffff001d021409,0,
9140,00000000553e2cdc...,2009-03-29T21:21:30+00:00,1,1442026781,........,04ffff001d021d09,0,
9141,0000000077a5a0f4...,2009-03-29T21:36:23+00:00,1,787933731,......'.,04ffff001d022709,0,
9142,0000000013103fb0...,2009-03-29T21:45:43+00:00,1,182536477,......^.,04ffff001d025e04,0,
9143,0000000014af7149...,2009-03-29T21:50:05+00:00,1,2294488852,......4.,04ffff001d023409,0,
9144,00000000a2df4dc1...,2009-03-29T22:00:51+00:00,1,3545259822,......8.,04ffff001d023809,0,
9145,0000000066f3787b...,2009-03-29T22:03:36+00:00,1,27719049,...... .,04ffff001d022008,0,
9146,00000000edf04800...,2009-03-29T22:11:45+00:00,1,56716608,........,04ffff001d028d00,0,
9147,000000008d68bca8...,2009-03-29T22:16:13+00:00,1,2882522886,......;.,04ffff001d023b09,0,
9148,00000000e14af04b...,2009-03-29T22:33:46+00:00,1,4037751339,......F.,04ffff001d024609,0,
9149,000000000f1e972f...,2009-03-29T22:41:24+00:00,1,1286775581,......P.,04ffff001d025009,0,
9150,000000009f8717ab...,2009-03-29T22:55:06+00:00,1,3593704713,......W.,04ffff001d025709,0,
9151,000000000cc48842...,2009-03-29T23:07:42+00:00,1,36345383,......k.,04ffff001d026b09,0,
9152,00000000ab0236e1...,2009-03-29T23:08:39+00:00,1,37990238,........,04ffff001d02ef00,0,
9153,00000000dfb37670...,2009-03-29T23:18:56+00:00,1,4038706743,......w.,04ffff001d027709,0,
9154,00000000b9370f6c...,2009-03-29T23:29:45+00:00,1,810556700,......x.,04ffff001d027809,0,
9155,00000000374e7db9...,2009-03-29T23:30:37+00:00,1,6900651,......*.,04ffff001d022a08,0,
9156,0000000068a5af2e...,2009-03-29T23:34:21+00:00,1,63395691,........,04ffff001d02af05,0,
9157,000000005c7945c7...,2009-03-29T23:37:05+00:00,1,28452215,"......,.",04ffff001d022c08,0,
9158,00000000752213ae...,2009-03-29T23:43:07+00:00,1,64770255,......-.,04ffff001d022d08,0,
9159,000000001a44c196...,2009-03-29T23:50:09+00:00,1,2801433901,........,04ffff001d028109,0,
9160,00000000acd2ef88...,2009-03-30T00:02:33+00:00,1,243778586,......p.,04ffff001d027004,0,
9161,000000006714b922...,2009-03-30T00:15:21+00:00,1,3416391680,........,04ffff001d028b09,0,
9162,0000000013c1c955...,2009-03-30T00:21:35+00:00,1,4172888832,........,04ffff001d028e09,0,
9163,000000006ece3462...,2009-03-30T00:34:46+00:00,1,1107019832,........,04ffff001d029d09,0,
9164,00000000b9c5ea69...,2009-03-30T01:00:09+00:00,1,4234870054,........,04ffff001d02a809,0,
9165,00000000f882479c...,2009-03-30T01:05:24+00:00,1,938465848,........,04ffff001d02a909,0,
9166,0000000019778aeb...,2009-03-30T01:26:33+00:00,1,1409101315,........,04ffff001d02aa09,0,
9167,000000001c77a7c7...,2009-03-30T01:40:41+00:00,1,3776759827,........,04ffff001d02ab09,0,
9168,000000004446faea...,2009-03-30T01:52:51+00:00,1,2057146628,........,04ffff001d02ad09,0,
9169,0000000086eec0b4...,2009-03-30T02:09:57+00:00,1,3983426840,........,04ffff001d02b209,0,
9170,000000000588b4c7...,2009-03-30T02:19:45+00:00,1,192076200,......z.,04ffff001d027a04,0,
9171,000000006566568c...,2009-03-30T02:30:52+00:00,1,2500279347,........,04ffff001d02b909,0,
9172,0000000025bc5e1e...,2009-03-30T02:36:26+00:00,1,630052899,........,04ffff001d02bc09,0,
9173,000000008725c2ef...,2009-03-30T02:53:24+00:00,1,1900276508,........,04ffff001d02be09,0,
9174,00000000212493fb...,2009-03-30T03:12:16+00:00,1,4021197061,........,04ffff001d02c109,0,
9175,0000000082635ed3...,2009-03-30T03:24:51+00:00,1,2361583148,........,04ffff001d02c909,0,
9176,00000000a339f72d...,2009-03-30T03:33:04+00:00,1,161620919,........,04ffff001d028004,0,
9177,000000002a18e023...,2009-03-30T03:47:20+00:00,1,278418502,........,04ffff001d028104,0,
9178,000000007ac01c82...,2009-03-30T03:49:19+00:00,1,38703871,........,04ffff001d028204,0,
9179,00000000f526ef6d...,2009-03-30T03:50:17+00:00,1,1173244424,........,04ffff001d02d809,0,
9180,000000006214c771...,2009-03-30T04:04:37+00:00,1,4028735790,........,04ffff001d02da09,0,
9181,00000000e5a590bf...,2009-03-30T04:18:11+00:00,1,4214890542,........,04ffff001d02e509,0,
9182,00000000fb64b966...,2009-03-30T04:39:42+00:00,1,739163699,........,04ffff001d02ef09,0,
9183,00000000969d2826...,2009-03-30T05:01:14+00:00,1,353352962,........,04ffff001d02ca05,0,
9184,0000000049d65f49...,2009-03-30T05:05:04+00:00,1,3913662255,........,04ffff001d02f309,0,
9185,0000000092cfcd02...,2009-03-30T05:25:58+00:00,1,3989209883,........,04ffff001d02040a,0,
9186,000000003865dd95...,2009-03-30T05:31:38+00:00,1,31957965,......I.,04ffff001d024908,0,
9187,0000000065f35f8f...,2009-03-30T05:42:55+00:00,1,350004537,........,04ffff001d020c0a,0,
9188,00000000cdf03f58...,2009-03-30T05:50:20+00:00,1,3921677352,........,04ffff001d02140a,0,
9189,00000000402b05fe...,2009-03-30T06:06:51+00:00,1,1887093545,........,04ffff001d02160a,0,
9190,000000005d2737a4...,2009-03-30T06:11:16+00:00,1,92931586,........,04ffff001d021501,0,
9191,000000006a824084...,2009-03-30T06:14:05+00:00,1,20898128,........,04ffff001d02d205,0,
9192,00000000f7b74a45...,2009-03-30T06:15:41+00:00,1,4133965588,........,04ffff001d021c0a,0,
9193,00000000a3d2f83f...,2009-03-30T06:23:51+00:00,1,3941469483,........,04ffff001d021e0a,0,
9194,00000000b321faa4...,2009-03-30T06:40:40+00:00,1,2774436653,...... .,04ffff001d02200a,0,
9195,00000000797b0ba8...,2009-03-30T06:56:51+00:00,1,1985755175,"......"".",04ffff001d02220a,0,
9196,0000000070e3f1d8...,2009-03-30T07:00:14+00:00,1,67045425,........,04ffff001d029404,0,
9197,000000005788e703...,2009-03-30T07:03:31+00:00,1,17803254,........,04ffff001d02c000,0,
9198,00000000723ba5be...,2009-03-30T07:21:54+00:00,1,4180686889,......$.,04ffff001d02240a,0,
9199,000000003bcdf08f...,2009-03-30T07:22:26+00:00,1,11741050,........,04ffff001d029704,0,
9200,00000000821bc8b8...,2009-03-30T07:31:55+00:00,1,715505415,......).,04ffff001d02290a,0,
9201,00000000365ea473...,2009-03-30T07:52:01+00:00,1,1832263937,......+.,04ffff001d022b0a,0,
9202,00000000b4e043ef...,2009-03-30T08:06:13+00:00,1,372439063,........,04ffff001d022e0a,0,
9203,000000004b6ef9dd...,2009-03-30T08:26:01+00:00,1,2527988784,......3.,04ffff001d02330a,0,
9204,00000000624e884d...,2009-03-30T08:37:04+00:00,1,176680009,........,04ffff001d02df05,0,
9205,00000000d8c74624...,2009-03-30T08:40:31+00:00,1,1920105525,......4.,04ffff001d02340a,0,
9206,00000000577588f4...,2009-03-30T08:57:40+00:00,1,284776059,........,04ffff001d02e105,0,
9207,00000000714e1649...,2009-03-30T09:56:14+00:00,1,1730510592,.......,04ffff001d0107,0,
9208,00000000ac88f13f...,2009-03-30T10:15:00+00:00,1,3453062151,.......,04ffff001d0110,0,
9209,000000003a37a28a...,2009-03-30T10:25:54+00:00,1,3987497,.......,04ffff001d0112,0,
9210,00000000cad0c80f...,2009-03-30T10:44:54+00:00,1,2875876126,.......,04ffff001d0113,0,
9211,00000000628f07b1...,2009-03-30T10:45:57+00:00,1,8054177,........,04ffff001d02b20e,0,
9212,00000000802b24d4...,2009-03-30T10:52:35+00:00,1,68495341,......c.,04ffff001d026308,0,
9213,000000007c3fd386...,2009-03-30T10:55:12+00:00,1,2691943170,.......,04ffff001d0114,0,
9214,000000002ce859c0...,2009-03-30T11:15:20+00:00,1,393629018,........,04ffff001d02a604,0,
9215,0000000094c61c16...,2009-03-30T11:21:33+00:00,1,1210426664,......*,04ffff001d012a,0,
9216,000000006e6f24c0...,2009-03-30T11:35:24+00:00,1,1504452869,"......,",04ffff001d012c,0,
9217,0000000011d0af58...,2009-03-30T11:45:39+00:00,1,96241875,........,04ffff001d02b80e,0,
9218,00000000188c2430...,2009-03-30T11:55:25+00:00,1,2125306655,......5,04ffff001d0135,0,
9219,000000005da33104...,2009-03-30T12:21:37+00:00,1,1680966450,......H,04ffff001d0148,0,
9220,0000000008340b5a...,2009-03-30T12:24:22+00:00,1,42039226,........,04ffff001d02ef05,0,
9221,000000009943416b...,2009-03-30T12:31:32+00:00,1,142617952,........,04ffff001d02ad04,0,
9222,00000000a9181ba7...,2009-03-30T12:35:54+00:00,1,3881204018,......d,04ffff001d0164,0,
9223,000000004386a66b...,2009-03-30T12:49:02+00:00,1,2435670314,......e,04ffff001d0165,0,
9224,0000000080d012f6...,2009-03-30T12:54:21+00:00,1,83431256,........,04ffff001d02f305,0,
9225,0000000048d94d75...,2009-03-30T12:55:21+00:00,1,2515855905,......i,04ffff001d0169,0,
9226,00000000ec6faad2...,2009-03-30T13:05:55+00:00,1,41551636,......q,04ffff001d0171,0,
9227,00000000be4c2632...,2009-03-30T13:13:54+00:00,1,1230429490,......s,04ffff001d0173,0,
9228,000000002700e2f5...,2009-03-30T13:20:24+00:00,1,102465410,........,04ffff001d02f705,0,
9229,00000000bd25f62a...,2009-03-30T13:35:11+00:00,1,268675103,........,04ffff001d028b00,0,
9230,00000000539b4dbc...,2009-03-30T13:41:18+00:00,1,48216382,......+,04ffff001d012b,0,
9231,00000000363a7cce...,2009-03-30T14:00:01+00:00,1,4194776365,........,04ffff001d029500,0,
9232,000000009eff3993...,2009-03-30T14:05:53+00:00,1,3834964247,........,04ffff001d029700,0,
9233,000000001d320127...,2009-03-30T14:08:09+00:00,1,33826825,........,04ffff001d02fc05,0,
9234,0000000085fddddf...,2009-03-30T14:18:21+00:00,1,168025910,........,04ffff001d02fd05,0,
9235,000000004942d843...,2009-03-30T14:19:07+00:00,1,7484797,........,04ffff001d02ca0e,0,
9236,000000004a2f243a...,2009-03-30T14:30:30+00:00,1,1709958193,........,04ffff001d029e00,0,
9237,0000000043bff1fa...,2009-03-30T14:46:45+00:00,1,4042551333,........,04ffff001d02a600,0,
9238,000000008efc8785...,2009-03-30T15:11:59+00:00,1,890960645,........,04ffff001d02ad00,0,
9239,00000000046a0e9e...,2009-03-30T15:19:21+00:00,1,3956349231,........,04ffff001d02b000,0,
9240,000000007f587e74...,2009-03-30T15:20:27+00:00,1,16058871,......5,04ffff001d0135,0,
9241,000000002967f2dd...,2009-03-30T15:30:10+00:00,1,575218989,........,04ffff001d02b200,0,
9242,00000000534b666b...,2009-03-30T15:55:05+00:00,1,71135255,........,04ffff001d02c100,0,
9243,00000000285964c7...,2009-03-30T16:10:46+00:00,1,35910960,........,04ffff001d02ea00,0,
9244,000000003a363eba...,2009-03-30T16:14:15+00:00,1,333304366,........,04ffff001d02cb00,0,
9245,000000000f37c66f...,2009-03-30T16:33:23+00:00,1,2388636928,........,04ffff001d02dd00,0,
9246,0000000049b941e3...,2009-03-30T16:56:20+00:00,1,3811991601,........,04ffff001d02e800,0,
9247,00000000382fe8d4...,2009-03-30T17:07:10+00:00,1,25763886,........,04ffff001d02d60e,0,
9248,00000000541828a9...,2009-03-30T17:15:42+00:00,1,2178952212,........,04ffff001d02ee00,0,
9249,00000000842d44ca...,2009-03-30T17:22:34+00:00,1,2521755677,........,04ffff001d02f000,0,
9250,00000000f9ba2607...,2009-03-30T17:41:26+00:00,1,534980354,........,04ffff001d02f400,0,
9251,000000008339fb09...,2009-03-30T17:54:55+00:00,1,141361042,........,04ffff001d028a08,0,
9252,000000001298675c...,2009-03-30T17:56:00+00:00,1,1010171905,........,04ffff001d02f500,0,
9253,00000000588f7dd0...,2009-03-30T18:13:51+00:00,1,4202099506,........,04ffff001d02fa00,0,
9254,00000000de962787...,2009-03-30T18:23:33+00:00,1,217898781,........,04ffff001d020401,0,
9255,000000005f894764...,2009-03-30T18:28:17+00:00,1,68863375,.......,04ffff001d011e,0,
9256,0000000034803d92...,2009-03-30T18:31:56+00:00,1,1787077176,........,04ffff001d020701,0,
9257,00000000918b98be...,2009-03-30T18:52:20+00:00,1,1577130550,........,04ffff001d020901,0,
9258,00000000c04946d0...,2009-03-30T19:12:08+00:00,1,1400932915,........,04ffff001d020c01,0,
9259,000000009d2a7560...,2009-03-30T19:27:06+00:00,1,2848478502,........,04ffff001d020d01,0,
9260,0000000044b9ee1c...,2009-03-30T19:34:18+00:00,1,1706720314,........,04ffff001d021001,0,
9261,000000004cec09af...,2009-03-30T19:54:00+00:00,1,320789949,........,04ffff001d021806,0,
9262,000000003fb1302a...,2009-03-30T19:57:10+00:00,1,697398300,........,04ffff001d021201,0,
9263,000000005d1fc8c5...,2009-03-30T20:13:54+00:00,1,3860306972,........,04ffff001d021401,0,
9264,00000000c4dbe2ba...,2009-03-30T20:33:36+00:00,1,3994149424,........,04ffff001d021701,0,
9265,00000000af1adaea...,2009-03-30T20:48:12+00:00,1,2960504631,........,04ffff001d021f01,0,
9266,00000000a6912110...,2009-03-30T21:03:00+00:00,1,908794930,......*.,04ffff001d022a01,0,
9267,0000000031521ce8...,2009-03-30T21:26:14+00:00,1,2651119416,......5.,04ffff001d023501,0,
9268,00000000162e6210...,2009-03-30T21:40:48+00:00,1,2688957746,......>.,04ffff001d023e01,0,
9269,00000000f26dc0ab...,2009-03-30T21:50:12+00:00,1,151070993,"......,",04ffff001d012c,0,
9270,00000000a118e4a2...,2009-03-30T22:01:18+00:00,1,6197254,......B.,04ffff001d024201,0,
9271,00000000e6aa546c...,2009-03-30T22:21:37+00:00,1,1430449459,......K.,04ffff001d024b01,0,
9272,0000000011caa625...,2009-03-30T22:23:18+00:00,1,28295972,......#.,04ffff001d022306,0,
9273,000000000bad0ecb...,2009-03-30T22:40:23+00:00,1,3059032084,......M.,04ffff001d024d01,0,
9274,000000003723f661...,2009-03-30T22:54:12+00:00,1,242152937,......%.,04ffff001d022506,0,
9275,00000000b20bce8e...,2009-03-30T23:01:46+00:00,1,2699119654,......N.,04ffff001d024e01,0,
9276,000000006f69d67a...,2009-03-30T23:22:34+00:00,1,3684451102,......O.,04ffff001d024f01,0,
9277,00000000c9f22d93...,2009-03-30T23:33:00+00:00,1,1929123104,......W.,04ffff001d025701,0,
9278,0000000085c7eb2c...,2009-03-30T23:45:03+00:00,1,1351836711,......[.,04ffff001d025b01,0,
9279,0000000078ae4a88...,2009-03-30T23:45:18+00:00,1,5142218,......*.,04ffff001d022a06,0,
9280,00000000efeaab82...,2009-03-31T00:01:13+00:00,1,3331595034,......j.,04ffff001d026a01,0,
9281,000000002bbc2f91...,2009-03-31T00:19:18+00:00,1,2645491715,......k.,04ffff001d026b01,0,
9282,000000004a264c6b...,2009-03-31T00:33:35+00:00,1,1525725984,......z.,04ffff001d027a01,0,
9283,00000000de2bda42...,2009-03-31T00:48:22+00:00,1,509456152,......|.,04ffff001d027c01,0,
9284,0000000026d2af72...,2009-03-31T01:05:07+00:00,1,1152053016,......~.,04ffff001d027e01,0,
9285,00000000a77103e5...,2009-03-31T01:20:07+00:00,1,240310239,......<,04ffff001d013c,0,
9286,00000000516e4909...,2009-03-31T01:33:08+00:00,1,560133670,........,04ffff001d028f01,0,
9287,0000000077b4c660...,2009-03-31T01:42:45+00:00,1,3950914336,........,04ffff001d029001,0,
9288,0000000035e94598...,2009-03-31T02:06:52+00:00,1,3359796997,........,04ffff001d029301,0,
9289,00000000fb5e0e40...,2009-03-31T02:23:55+00:00,1,641051676,........,04ffff001d029501,0,
9290,000000002d4a48f6...,2009-03-31T02:35:37+00:00,1,890873633,........,04ffff001d029a01,0,
9291,0000000071bb4b4f...,2009-03-31T02:53:42+00:00,1,1562537003,........,04ffff001d029b01,0,
9292,000000009ca120fa...,2009-03-31T03:05:37+00:00,1,3302395136,........,04ffff001d029e01,0,
9293,000000002c9d378f...,2009-03-31T03:14:39+00:00,1,58745861,........,04ffff001d02a101,0,
9294,00000000b2ff1d0b...,2009-03-31T03:34:12+00:00,1,3217820709,........,04ffff001d02a301,0,
9295,00000000ee7cb461...,2009-03-31T03:51:40+00:00,1,1586039866,........,04ffff001d02ab01,0,
9296,00000000ad234764...,2009-03-31T04:01:35+00:00,1,158207968,......G,04ffff001d0147,0,
9297,00000000f9959d7b...,2009-03-31T04:16:13+00:00,1,470881081,........,04ffff001d02ad01,0,
9298,0000000054760524...,2009-03-31T04:21:36+00:00,1,808884006,........,04ffff001d02ae01,0,
9299,00000000ebecfce8...,2009-03-31T04:41:48+00:00,1,2591451419,........,04ffff001d02b001,0,
9300,00000000af542316...,2009-03-31T04:43:15+00:00,1,28930699,........,04ffff001d02fc04,0,
9301,000000000ce946cc...,2009-03-31T05:00:17+00:00,1,4189218332,........,04ffff001d02b701,0,
9302,00000000454b5a70...,2009-03-31T05:15:31+00:00,1,298765452,........,04ffff001d02fe04,0,
9303,00000000fddeabfb...,2009-03-31T05:27:51+00:00,1,1167354633,........,04ffff001d02c801,0,
9304,00000000e7015c74...,2009-03-31T05:34:07+00:00,1,1624489273,........,04ffff001d02ce01,0,
9305,00000000a477aa05...,2009-03-31T05:58:36+00:00,1,3392580870,........,04ffff001d02d301,0,
9306,0000000039e4d37f...,2009-03-31T06:01:27+00:00,1,44537662,......Q,04ffff001d0151,0,
9307,00000000bec5fe9c...,2009-03-31T06:05:09+00:00,1,3148958761,........,04ffff001d02d601,0,
9308,000000007930799d...,2009-03-31T06:21:54+00:00,1,280706205,......:,04ffff001d013a,0,
9309,00000000966d702b...,2009-03-31T07:21:45+00:00,1,3825078,......H.,04ffff001d024806,0,
9310,000000004d441eda...,2009-03-31T06:28:35+00:00,1,3787334400,........,04ffff001d02d701,0,
9311,000000008da846cf...,2009-03-31T06:50:09+00:00,1,3975381796,........,04ffff001d02e201,0,
9312,00000000587aac03...,2009-03-31T07:14:04+00:00,1,17503281,........,04ffff001d02e401,0,
9313,000000008ff34714...,2009-03-31T07:24:59+00:00,1,160690717,........,04ffff001d02ef01,0,
9314,000000005030db2d...,2009-03-31T07:35:34+00:00,1,2523710980,........,04ffff001d02fb01,0,
9315,000000006f0fca19...,2009-03-31T07:47:09+00:00,1,434464045,........,04ffff001d020b02,0,
9316,00000000d32bc5ec...,2009-03-31T07:57:15+00:00,1,161479616,......[,04ffff001d015b,0,
9317,0000000040ee86dd...,2009-03-31T08:17:27+00:00,1,50748626,......L.,04ffff001d024c09,0,
9318,000000009da588f7...,2009-03-31T08:12:10+00:00,1,467216935,........,04ffff001d021102,0,
9319,00000000f46b55a0...,2009-03-31T08:25:17+00:00,1,204014592,........,04ffff001d021902,0,
9320,00000000eaeeff81...,2009-03-31T08:45:02+00:00,1,4262618418,......%.,04ffff001d022502,0,
9321,0000000069e4461e...,2009-03-31T08:52:55+00:00,1,1674967343,......&.,04ffff001d022602,0,
9322,000000001b1f5251...,2009-03-31T09:54:36+00:00,1,68553056,......U.,04ffff001d025506,0,
9323,00000000a88719e1...,2009-03-31T09:14:41+00:00,1,3805885751,......0.,04ffff001d023002,0,
9324,00000000174707e8...,2009-03-31T09:34:59+00:00,1,1565784602,......6.,04ffff001d023602,0,
9325,000000007e031119...,2009-03-31T09:48:19+00:00,1,3364116019,......8.,04ffff001d023802,0,
9326,00000000c458c22c...,2009-03-31T09:53:46+00:00,1,2643056433,......9.,04ffff001d023902,0,
9327,0000000091d4de69...,2009-03-31T10:12:31+00:00,1,505792031,......:.,04ffff001d023a02,0,
9328,00000000aeee3e3f...,2009-03-31T10:32:08+00:00,1,2100376115,......C.,04ffff001d024302,0,
9329,000000008fc19732...,2009-03-31T11:49:48+00:00,1,352461770,......\.,04ffff001d025c06,0,
9330,0000000095b78bac...,2009-03-31T10:55:30+00:00,1,1061704982,......H.,04ffff001d024802,0,
9331,00000000dad22f80...,2009-03-31T11:12:17+00:00,1,1762730804,......O.,04ffff001d024f02,0,
9332,000000002fa9f963...,2009-03-31T11:24:42+00:00,1,1385775916,......_.,04ffff001d025f02,0,
9333,00000000164fc769...,2009-03-31T11:36:05+00:00,1,3039825967,......c.,04ffff001d026302,0,
9334,00000000261b4765...,2009-03-31T11:47:05+00:00,1,2569950983,......k.,04ffff001d026b02,0,
9335,00000000cee1ebe5...,2009-03-31T11:54:39+00:00,1,3852299035,......m.,04ffff001d026d02,0,
9336,000000000494c1e7...,2009-03-31T12:04:54+00:00,1,1673761817,......n.,04ffff001d026e02,0,
9337,00000000cc3b5b18...,2009-03-31T12:15:08+00:00,1,1968992537,......x.,04ffff001d027802,0,
9338,000000005016fdbd...,2009-03-31T12:16:22+00:00,1,24747573,........,04ffff001d021d05,0,
9339,00000000d82b8a7e...,2009-03-31T12:40:33+00:00,1,2938073636,......|.,04ffff001d027c02,0,
9340,000000006486e9b5...,2009-03-31T13:45:59+00:00,1,137175953,......%,04ffff001d0125,0,
9341,00000000e091021c...,2009-03-31T12:56:13+00:00,1,2497600561,........,04ffff001d028202,0,
9342,000000001ef7b402...,2009-03-31T14:09:33+00:00,1,271415749,......i.,04ffff001d026906,0,
9343,00000000649aff7f...,2009-03-31T13:20:23+00:00,1,4090777887,........,04ffff001d028602,0,
9344,00000000db231852...,2009-03-31T13:42:57+00:00,1,299806724,........,04ffff001d028a02,0,
9345,0000000001985873...,2009-03-31T13:50:34+00:00,1,3842307363,........,04ffff001d029402,0,
9346,0000000048bb414d...,2009-03-31T14:01:40+00:00,1,1031373855,........,04ffff001d029602,0,
9347,00000000622a1d4b...,2009-03-31T14:11:15+00:00,1,2953347353,........,04ffff001d029b02,0,
9348,00000000a668f037...,2009-03-31T14:31:14+00:00,1,424670214,........,04ffff001d029f02,0,
9349,000000000e56f5a0...,2009-03-31T14:44:00+00:00,1,2240034335,........,04ffff001d02a402,0,
9350,000000008e25cdaf...,2009-03-31T14:54:43+00:00,1,3846772273,........,04ffff001d02a702,0,
9351,0000000063b8e616...,2009-03-31T15:15:51+00:00,1,2924867073,........,04ffff001d02a802,0,
9352,0000000037853fd3...,2009-03-31T15:29:04+00:00,1,3644714015,........,04ffff001d02a902,0,
9353,00000000161be3fc...,2009-03-31T15:39:47+00:00,1,216588067,........,04ffff001d02aa02,0,
9354,0000000015154d86...,2009-03-31T15:46:29+00:00,2,2179416585,........,04ffff001d02af02,0,
9355,0000000019bd4f2e...,2009-03-31T16:00:37+00:00,1,4147297048,........,04ffff001d02b002,0,
9356,00000000b9843963...,2009-03-31T16:21:20+00:00,1,280708136,........,04ffff001d02b102,0,
9357,00000000b7c37ebc...,2009-03-31T16:33:23+00:00,1,16025597,......u.,04ffff001d027509,0,
9358,00000000913fdbf2...,2009-03-31T16:25:53+00:00,1,15060919,......2.,04ffff001d023205,0,
9359,00000000e3895990...,2009-03-31T16:45:08+00:00,1,375583631,......3.,04ffff001d023305,0,
9360,00000000ca9437f9...,2009-03-31T16:48:13+00:00,1,2693734702,........,04ffff001d02c302,0,
9361,00000000a112cdaf...,2009-03-31T16:59:06+00:00,1,961348666,........,04ffff001d02c602,0,
9362,00000000d4801c7f...,2009-03-31T17:16:44+00:00,1,3412699688,........,04ffff001d02c802,0,
9363,0000000068cb3469...,2009-03-31T17:25:54+00:00,1,1943317035,........,04ffff001d02d002,0,
9364,00000000b81fc0db...,2009-03-31T17:45:39+00:00,1,49137449,......|.,04ffff001d027c09,0,
9365,00000000fd9f9cbf...,2009-03-31T17:53:40+00:00,1,2645150753,........,04ffff001d02d402,0,
9366,00000000d369b000...,2009-03-31T18:14:21+00:00,1,2923694613,........,04ffff001d02d702,0,
9367,00000000007adb69...,2009-03-31T18:26:31+00:00,1,3608718384,........,04ffff001d02da02,0,
9368,00000000835a4f69...,2009-03-31T18:33:47+00:00,1,4159503873,........,04ffff001d02df02,0,
9369,00000000fb268655...,2009-03-31T18:39:22+00:00,1,3178796833,........,04ffff001d02e202,0,
9370,0000000056177c1e...,2009-03-31T18:47:54+00:00,1,167231266,......=.,04ffff001d023d05,0,
9371,0000000037716aae...,2009-03-31T18:49:51+00:00,1,77119795,........,04ffff001d02ea02,0,
9372,00000000a79d7faa...,2009-03-31T19:11:12+00:00,1,1763091243,........,04ffff001d02ee02,0,
9373,00000000d5251fa3...,2009-03-31T19:27:09+00:00,1,2681663007,........,04ffff001d02ef02,0,
9374,00000000edc746c8...,2009-03-31T19:43:07+00:00,1,609124104,........,04ffff001d02f802,0,
9375,000000005c89dfca...,2009-03-31T20:02:11+00:00,1,1584443444,........,04ffff001d021103,0,
9376,000000003cda70ee...,2009-03-31T20:19:58+00:00,1,2203228727,......$.,04ffff001d022403,0,
9377,000000006ebfb2a9...,2009-03-31T20:38:29+00:00,1,3637011997,......(.,04ffff001d022803,0,
9378,00000000654566cf...,2009-03-31T20:50:05+00:00,1,3662673975,......9.,04ffff001d023903,0,
9379,00000000ecdc8ef0...,2009-03-31T21:07:51+00:00,1,494032153,......=.,04ffff001d023d03,0,
9380,000000009499163e...,2009-03-31T21:20:50+00:00,1,633869086,......H.,04ffff001d024803,0,
9381,00000000978aa333...,2009-03-31T21:31:12+00:00,1,4188513801,......S.,04ffff001d025303,0,
9382,00000000186a60f7...,2009-03-31T21:54:22+00:00,1,3385122067,......U.,04ffff001d025503,0,
9383,0000000088537cb5...,2009-03-31T22:11:33+00:00,1,1108675372,......V.,04ffff001d025603,0,
9384,000000003ac2086f...,2009-03-31T22:28:44+00:00,1,3028447279,......W.,04ffff001d025703,0,
9385,00000000673405ff...,2009-03-31T22:39:50+00:00,1,688860719,......b.,04ffff001d026203,0,
9386,0000000096e56297...,2009-03-31T22:54:26+00:00,1,3881141766,......g.,04ffff001d026703,0,
9387,00000000a42f4b54...,2009-03-31T23:13:38+00:00,1,1543741959,......i.,04ffff001d026903,0,
9388,0000000034f78794...,2009-03-31T23:26:02+00:00,1,2006165278,......l.,04ffff001d026c03,0,
9389,00000000543756af...,2009-03-31T23:42:42+00:00,1,2582261300,......s.,04ffff001d027303,0,
9390,000000008bc3f009...,2009-04-01T00:06:21+00:00,1,2202409263,......u.,04ffff001d027503,0,
9391,00000000d7cd4bef...,2009-04-01T00:16:01+00:00,1,3300159778,......v.,04ffff001d027603,0,
9392,0000000073b299db...,2009-04-01T00:23:20+00:00,1,2685496597,......w.,04ffff001d027703,0,
9393,0000000048d20048...,2009-04-01T00:47:22+00:00,1,319103525,........,04ffff001d028403,0,
9394,000000005d34e101...,2009-04-01T00:56:20+00:00,1,2250263060,........,04ffff001d028503,0,
9395,000000005554bf1d...,2009-04-01T01:07:03+00:00,1,2606023699,........,04ffff001d028703,0,
9396,00000000ffeb8e84...,2009-04-01T01:24:50+00:00,1,3154758437,........,04ffff001d029203,0,
9397,0000000048280e38...,2009-04-01T01:40:26+00:00,1,2654603807,........,04ffff001d02a603,0,
9398,000000007f8132dd...,2009-04-01T01:48:11+00:00,1,152150640,......Y.,04ffff001d025905,0,
9399,000000008caef618...,2009-04-01T01:57:56+00:00,1,473746972,........,04ffff001d02a703,0,
9400,000000007499730f...,2009-04-01T02:19:53+00:00,1,1226331929,........,04ffff001d02a803,0,
9401,000000002c60ded1...,2009-04-01T02:41:59+00:00,1,2245422385,........,04ffff001d02b203,0,
9402,0000000007ceec30...,2009-04-01T02:57:44+00:00,1,4277210659,........,04ffff001d02bc03,0,
9403,00000000de05c305...,2009-04-01T03:12:29+00:00,1,289341171,......^.,04ffff001d025e05,0,
9404,00000000671bd6f8...,2009-04-01T03:22:18+00:00,1,4111039787,........,04ffff001d02c203,0,
9405,000000005cf4edaa...,2009-04-01T03:32:41+00:00,1,2191173383,........,04ffff001d02c303,0,
9406,000000003bf8ef23...,2009-04-01T04:40:20+00:00,1,191933712,......_,04ffff001d015f,0,
9407,00000000c6d2d7c7...,2009-04-01T03:57:28+00:00,1,2935524375,........,04ffff001d02c403,0,
9408,000000005880590f...,2009-04-01T04:24:11+00:00,1,4154862366,........,04ffff001d02d003,0,
9409,000000009094d287...,2009-04-01T04:30:29+00:00,1,3498627586,........,04ffff001d02d103,0,
9410,00000000738ec0ba...,2009-04-01T04:45:30+00:00,1,2096682538,........,04ffff001d02d703,0,
9411,00000000b06a73da...,2009-04-01T05:02:17+00:00,1,1262015002,........,04ffff001d02dd03,0,
9412,0000000008ebdc73...,2009-04-01T05:11:38+00:00,1,175271392,......1,04ffff001d0131,0,
9413,000000009491cb21...,2009-04-01T05:21:47+00:00,1,600474155,........,04ffff001d02e003,0,
9414,000000000544b4c6...,2009-04-01T05:39:07+00:00,1,2342567717,........,04ffff001d02e703,0,
9415,000000006c8f8fcd...,2009-04-01T05:45:27+00:00,1,2447808552,........,04ffff001d02eb03,0,
9416,00000000c30dfd2e...,2009-04-01T05:55:54+00:00,1,941156870,........,04ffff001d02f203,0,
9417,000000001ae61609...,2009-04-01T06:11:27+00:00,1,1287436581,........,04ffff001d02f303,0,
9418,00000000c2f448fe...,2009-04-01T06:20:19+00:00,1,1221620227,........,04ffff001d02f503,0,
9419,00000000c8d976c9...,2009-04-01T06:44:53+00:00,1,2984742187,........,04ffff001d02f603,0,
9420,00000000193023fe...,2009-04-01T06:50:41+00:00,1,957832484,........,04ffff001d02f903,0,
9421,00000000f6137280...,2009-04-01T07:04:50+00:00,1,605977912,........,04ffff001d02fa03,0,
9422,00000000795e7c45...,2009-04-01T07:13:48+00:00,1,1760451369,........,04ffff001d02fc03,0,
9423,0000000054be58a2...,2009-04-01T07:21:41+00:00,1,2436624152,........,04ffff001d02fd03,0,
9424,00000000c71e4013...,2009-04-01T07:27:07+00:00,1,88921940,......=,04ffff001d013d,0,
9425,0000000021fcb61d...,2009-04-01T07:41:01+00:00,1,837115908,........,04ffff001d020504,0,
9426,00000000572960ea...,2009-04-01T07:57:03+00:00,1,3537052956,........,04ffff001d020a04,0,
9427,000000008415f917...,2009-04-01T08:06:58+00:00,1,93712636,........,04ffff001d028b0f,0,
9428,000000005815a4f2...,2009-04-01T08:21:17+00:00,1,3314143277,........,04ffff001d021704,0,
9429,0000000053ce318a...,2009-04-01T08:45:31+00:00,1,1550269448,........,04ffff001d021d04,0,
9430,00000000ad75826c...,2009-04-01T09:08:37+00:00,1,336304385,......!.,04ffff001d022104,0,
9431,0000000090de150f...,2009-04-01T09:17:56+00:00,1,1138947381,......-.,04ffff001d022d04,0,
9432,00000000c1e525e9...,2009-04-01T09:34:30+00:00,1,2424135445,......B.,04ffff001d024204,0,
9433,000000008c0a10d1...,2009-04-01T09:46:43+00:00,1,474940471,......L.,04ffff001d024c04,0,
9434,0000000045afd708...,2009-04-01T10:04:10+00:00,1,3781303608,......R.,04ffff001d025204,0,
9435,00000000b34ff50a...,2009-04-01T10:25:06+00:00,1,2143389981,......W.,04ffff001d025704,0,
9436,00000000f7ff777c...,2009-04-01T10:29:23+00:00,1,70560610,......I,04ffff001d0149,0,
9437,0000000085cc80ed...,2009-04-01T10:39:07+00:00,1,2415514649,......\.,04ffff001d025c04,0,
9438,000000007679597e...,2009-04-01T11:02:05+00:00,1,370767916,......K,04ffff001d014b,0,
9439,00000000cfbb66ce...,2009-04-01T11:04:05+00:00,1,3957474849,......h.,04ffff001d026804,0,
9440,000000001a34e973...,2009-04-01T11:28:48+00:00,1,2988904709,......m.,04ffff001d026d04,0,
9441,00000000f613d83e...,2009-04-01T11:31:37+00:00,1,23776150,........,04ffff001d02990f,0,
9442,00000000142eb98f...,2009-04-01T11:38:00+00:00,1,49111900,......8,04ffff001d0138,0,
9443,00000000333871bd...,2009-04-01T11:56:56+00:00,1,3091341370,......~.,04ffff001d027e04,0,
9444,00000000eddcc4c5...,2009-04-01T12:03:50+00:00,1,2795954219,........,04ffff001d028504,0,
9445,000000003cf7ecb6...,2009-04-01T12:11:58+00:00,1,1678694663,........,04ffff001d028804,0,
9446,000000005a2fa33f...,2009-04-01T12:20:52+00:00,1,2447266078,........,04ffff001d028904,0,
9447,000000007ded56ef...,2009-04-01T12:42:28+00:00,1,65835819,........,04ffff001d028b04,0,
9448,00000000868027af...,2009-04-01T12:57:21+00:00,1,470217990,........,04ffff001d028f04,0,
9449,000000003861da87...,2009-04-01T13:05:43+00:00,1,136709725,......V,04ffff001d0156,0,
9450,00000000cf441bf3...,2009-04-01T13:22:44+00:00,1,2040914219,........,04ffff001d029404,0,
9451,000000001c39affd...,2009-04-01T14:39:48+00:00,1,283258501,......z,04ffff001d017a,0,
9452,00000000b75438a0...,2009-04-01T13:48:43+00:00,1,560937007,........,04ffff001d029b04,0,
9453,0000000061b042eb...,2009-04-01T14:05:42+00:00,1,1688222773,........,04ffff001d029f04,0,
9454,0000000077ef0a8a...,2009-04-01T14:24:46+00:00,1,3897912122,........,04ffff001d02a504,0,
9455,000000003b0b946d...,2009-04-01T14:25:22+00:00,1,37132006,......&,04ffff001d0126,0,
9456,00000000b1ad16f1...,2009-04-01T14:51:37+00:00,1,1156024878,........,04ffff001d02b004,0,
9457,00000000d5dde2b1...,2009-04-01T15:05:02+00:00,1,4215683898,........,04ffff001d02b104,0,
9458,0000000060cf2788...,2009-04-01T15:12:29+00:00,1,1917523207,........,04ffff001d02b404,0,
9459,000000001d388661...,2009-04-01T15:22:02+00:00,1,68229731,......I,04ffff001d0149,0,
9460,000000009519fbcc...,2009-04-01T15:28:26+00:00,1,2306497326,........,04ffff001d02b504,0,
9461,00000000f662b4d0...,2009-04-01T15:45:42+00:00,1,3266205482,........,04ffff001d02b704,0,
9462,00000000a71267a0...,2009-04-01T15:57:17+00:00,1,220293783,......-,04ffff001d012d,0,
9463,000000006996eb82...,2009-04-01T15:59:25+00:00,1,164972312,........,04ffff001d02b804,0,
9464,00000000d5b91b27...,2009-04-01T16:11:06+00:00,1,14576139,........,04ffff001d02e009,0,
9465,0000000035f80890...,2009-04-01T16:15:42+00:00,1,3516139563,........,04ffff001d02ba04,0,
9466,000000002fcc3326...,2009-04-01T16:19:50+00:00,1,72732337,......0,04ffff001d0130,0,
9467,00000000891a7178...,2009-04-01T16:36:22+00:00,1,28169034,........,04ffff001d02e309,0,
9468,00000000c8f4d18b...,2009-04-01T16:37:28+00:00,1,2694053424,........,04ffff001d02c504,0,
9469,00000000c29b2595...,2009-04-01T16:54:41+00:00,1,2026277408,........,04ffff001d02d004,0,
9470,00000000f2240fb9...,2009-04-01T17:18:44+00:00,1,2113314098,........,04ffff001d02d704,0,
9471,000000008d8d39fd...,2009-04-01T17:43:46+00:00,1,3195436054,........,04ffff001d02d904,0,
9472,0000000086540541...,2009-04-01T17:42:25+00:00,1,446796,......V,04ffff001d0156,0,
9473,000000006c6fc6a9...,2009-04-01T17:55:59+00:00,1,2141592085,........,04ffff001d02da04,0,
9474,00000000a6eacde4...,2009-04-01T18:17:10+00:00,1,39106841,......X,04ffff001d0158,0,
9475,000000003bb574ce...,2009-04-01T18:21:49+00:00,1,10299668,........,04ffff001d02df04,0,
9476,00000000d566170e...,2009-04-01T18:38:07+00:00,1,2199001376,........,04ffff001d02ee04,0,
9477,000000007a753828...,2009-04-01T19:06:58+00:00,1,2317593654,........,04ffff001d020405,0,
9478,00000000d9430c82...,2009-04-01T19:15:44+00:00,1,3475852345,........,04ffff001d020805,0,
9479,000000004415a908...,2009-04-01T19:25:52+00:00,1,1975554579,........,04ffff001d020b05,0,
9480,00000000ee40bc36...,2009-04-01T19:37:00+00:00,1,3640859447,........,04ffff001d021205,0,
9481,00000000a95af4f1...,2009-04-01T19:51:11+00:00,1,1172464952,........,04ffff001d021d05,0,
9482,000000006e713811...,2009-04-01T20:07:49+00:00,1,760468228,........,04ffff001d021f05,0,
9483,00000000cb035606...,2009-04-01T20:13:54+00:00,1,1725277239,......!.,04ffff001d022105,0,
9484,0000000001b609c7...,2009-04-01T20:35:30+00:00,1,244825655,......-.,04ffff001d022d05,0,
9485,00000000cf513443...,2009-04-01T20:48:35+00:00,1,1974558728,......4.,04ffff001d023405,0,
9486,000000009fb7cad2...,2009-04-01T21:04:17+00:00,1,1129989634,......F.,04ffff001d024605,0,
9487,00000000e0821e4e...,2009-04-01T22:05:39+00:00,1,49572198,........,04ffff001d02fb06,0,
9488,0000000066d47a22...,2009-04-01T21:16:38+00:00,1,2152677376,......H.,04ffff001d024805,0,
9489,0000000033c7f027...,2009-04-01T21:26:43+00:00,1,4064100642,......K.,04ffff001d024b05,0,
9490,000000006e884621...,2009-04-01T21:33:45+00:00,1,115241758,......O.,04ffff001d024f05,0,
9491,000000007acf21eb...,2009-04-01T21:42:43+00:00,1,2213994779,......Q.,04ffff001d025105,0,
9492,00000000aed0c1fc...,2009-04-01T21:57:10+00:00,1,287295792,......R.,04ffff001d025205,0,
9493,00000000b37596a3...,2009-04-01T22:05:11+00:00,1,2639955465,......a.,04ffff001d026105,0,
9494,00000000f5db965f...,2009-04-01T22:25:28+00:00,1,655293980,......g.,04ffff001d026705,0,
9495,000000001b2e0981...,2009-04-01T22:24:06+00:00,1,4441321,......M,04ffff001d014d,0,
9496,00000000796bb0f3...,2009-04-01T22:41:08+00:00,1,147828634,........,04ffff001d02d00f,0,
9497,00000000369c1224...,2009-04-01T22:48:38+00:00,1,961057073,......i.,04ffff001d026905,0,
9498,00000000736261e4...,2009-04-01T23:04:49+00:00,1,1234878764,......k.,04ffff001d026b05,0,
9499,00000000a54d999e...,2009-04-01T23:12:46+00:00,1,1115075893,......l.,04ffff001d026c05,0,
9500,00000000436e6cae...,2009-04-01T23:23:22+00:00,1,194414146,.......,04ffff001d010f,0,
9501,000000004383fe92...,2009-04-01T23:33:23+00:00,1,2912570934,......m.,04ffff001d026d05,0,
9502,000000004b8c683b...,2009-04-01T23:47:38+00:00,1,4173119777,......s.,04ffff001d027305,0,
9503,00000000b9ce1109...,2009-04-01T23:59:39+00:00,1,837590068,......t.,04ffff001d027405,0,
9504,00000000ded0a3a3...,2009-04-02T00:23:47+00:00,1,3862972964,......u.,04ffff001d027505,0,
9505,000000003c07449e...,2009-04-02T00:32:30+00:00,1,199660180,.......,04ffff001d011d,0,
9506,00000000e0aa228f...,2009-04-02T00:38:52+00:00,1,174090809,......y.,04ffff001d027905,0,
9507,00000000332b32f7...,2009-04-02T00:37:40+00:00,1,5736661,......Z,04ffff001d015a,0,
9508,0000000050a320db...,2009-04-02T00:50:18+00:00,1,2518402561,......{.,04ffff001d027b05,0,
9509,0000000024825a7f...,2009-04-02T01:09:12+00:00,1,919881513,......|.,04ffff001d027c05,0,
9510,000000003ef4d27d...,2009-04-02T01:17:24+00:00,1,2626906907,......}.,04ffff001d027d05,0,
9511,00000000faac558a...,2009-04-02T02:23:37+00:00,1,130444156,........,04ffff001d021307,0,
9512,000000009be075c2...,2009-04-02T02:27:04+00:00,1,51274856,........,04ffff001d021407,0,
9513,00000000c60596cd...,2009-04-02T01:41:48+00:00,1,2862636034,........,04ffff001d028405,0,
9514,0000000052ab68c2...,2009-04-02T01:59:40+00:00,1,3249534752,........,04ffff001d028a05,0,
9515,000000008c8d5c92...,2009-04-02T02:17:08+00:00,1,1528286977,........,04ffff001d029005,0,
9516,00000000559e947f...,2009-04-02T02:22:19+00:00,1,132537922,......(,04ffff001d0128,0,
9517,000000003035b7da...,2009-04-02T02:29:19+00:00,1,3358112815,........,04ffff001d029405,0,
9518,00000000ca4019c3...,2009-04-02T02:55:11+00:00,1,1136875310,........,04ffff001d029c05,0,
9519,0000000059b3af16...,2009-04-02T02:54:26+00:00,1,14145896,......e,04ffff001d0165,0,
9520,00000000a9bf1908...,2009-04-02T03:59:56+00:00,1,93143060,........,04ffff001d021c07,0,
9521,00000000659e1402...,2009-04-02T03:15:33+00:00,1,3842201094,........,04ffff001d02a605,0,
9522,000000006401b8f2...,2009-04-02T03:27:07+00:00,1,2053222690,........,04ffff001d02a905,0,
9523,00000000b5c40236...,2009-04-02T03:25:48+00:00,1,5011081,......i,04ffff001d0169,0,
9524,000000004a648438...,2009-04-02T04:40:45+00:00,1,236629601,...... .,04ffff001d022007,0,
9525,000000004013f5eb...,2009-04-02T03:44:31+00:00,1,49821777,......k,04ffff001d016b,0,
9526,0000000026043b43...,2009-04-02T03:49:54+00:00,1,1896270344,........,04ffff001d02ad05,0,
9527,00000000add747b1...,2009-04-02T04:10:54+00:00,1,857681408,........,04ffff001d02b105,0,
9528,00000000de1cd8f2...,2009-04-02T04:11:37+00:00,1,46373474,......4,04ffff001d0134,0,
9529,00000000107dd946...,2009-04-02T04:23:23+00:00,1,4103918127,........,04ffff001d02c305,0,
9530,0000000090a96913...,2009-04-02T04:29:33+00:00,1,60485544,........,04ffff001d02f20f,0,
9531,0000000023173119...,2009-04-02T04:37:00+00:00,1,2272293405,........,04ffff001d02c905,0,
9532,0000000084433079...,2009-04-02T04:55:46+00:00,1,3438080313,........,04ffff001d02d505,0,
9533,0000000005346e72...,2009-04-02T05:06:27+00:00,1,238370147,......9,04ffff001d0139,0,
9534,000000005d851677...,2009-04-02T05:08:21+00:00,1,28804383,......t,04ffff001d0174,0,
9535,00000000b8445363...,2009-04-02T05:19:38+00:00,1,3481443865,........,04ffff001d02da05,0,
9536,00000000178d30dd...,2009-04-02T05:23:54+00:00,1,42196972,........,04ffff001d02f80f,0,
9537,00000000c238df4e...,2009-04-02T05:41:40+00:00,1,1048534828,........,04ffff001d02de05,0,
9538,00000000fbbffc73...,2009-04-02T06:01:49+00:00,1,3561959173,........,04ffff001d02e105,0,
9539,00000000a20b8466...,2009-04-02T06:11:49+00:00,1,187117714,......y,04ffff001d0179,0,
9540,000000008893a16f...,2009-04-02T06:19:02+00:00,1,2552752153,........,04ffff001d02e405,0,
9541,000000003ef4ac17...,2009-04-02T06:44:15+00:00,1,1453162548,........,04ffff001d02eb05,0,
9542,0000000010aeb8b3...,2009-04-02T06:55:42+00:00,1,2877960239,........,04ffff001d02ec05,0,
9543,00000000c1fde662...,2009-04-02T07:04:01+00:00,1,238822435,........,04ffff001d02f905,0,
9544,000000006ea2914e...,2009-04-02T07:23:44+00:00,1,1648544555,........,04ffff001d02fe05,0,
9545,000000003587b4cb...,2009-04-02T07:46:36+00:00,1,3173287959,........,04ffff001d020306,0,
9546,00000000fa1c0eeb...,2009-04-02T08:01:03+00:00,1,3075627062,........,04ffff001d020706,0,
9547,00000000585855b0...,2009-04-02T08:24:58+00:00,1,4280702008,........,04ffff001d020806,0,
9548,00000000e16d5dc0...,2009-04-02T08:40:18+00:00,1,657355780,........,04ffff001d020906,0,
9549,00000000abe18f90...,2009-04-02T08:53:01+00:00,1,1794821410,........,04ffff001d020a06,0,
9550,00000000f46ba71d...,2009-04-02T08:59:37+00:00,1,118957867,........,04ffff001d020d06,0,
9551,00000000b100054b...,2009-04-02T09:22:03+00:00,1,3821281841,........,04ffff001d021b06,0,
9552,000000005f37a5ab...,2009-04-02T09:47:18+00:00,1,2613173556,......&.,04ffff001d022606,0,
9553,00000000007772bc...,2009-04-02T09:48:55+00:00,1,46592274,........,04ffff001d028800,0,
9554,0000000069106242...,2009-04-02T09:55:36+00:00,1,3732275462,....../.,04ffff001d022f06,0,
9555,00000000c64ceffb...,2009-04-02T09:57:57+00:00,1,56973004,........,04ffff001d028a00,0,
9556,00000000775798c5...,2009-04-02T10:05:24+00:00,1,118023229,......G,04ffff001d0147,0,
9557,0000000040ae197e...,2009-04-02T10:19:23+00:00,1,2869218871,......6.,04ffff001d023606,0,
9558,0000000018a69aa4...,2009-04-02T10:31:51+00:00,1,896104501,......9.,04ffff001d023906,0,
9559,00000000605b69a9...,2009-04-02T10:37:54+00:00,1,52925930,........,04ffff001d020f10,0,
9560,00000000bcc7bc36...,2009-04-02T10:49:53+00:00,1,2073661224,......B.,04ffff001d024206,0,
9561,00000000d49b4ca9...,2009-04-02T11:11:53+00:00,1,1111506474,......I.,04ffff001d024906,0,
9562,00000000c62e4651...,2009-04-02T11:29:04+00:00,1,1690252289,......J.,04ffff001d024a06,0,
9563,00000000699b9398...,2009-04-02T11:37:24+00:00,1,2793971200,......K.,04ffff001d024b06,0,
9564,0000000054c6984b...,2009-04-02T11:59:38+00:00,1,4291513347,......R.,04ffff001d025206,0,
9565,000000007a8f09ae...,2009-04-02T12:09:21+00:00,1,3853234468,......Y.,04ffff001d025906,0,
9566,000000000e0fc285...,2009-04-02T13:17:32+00:00,1,161335496,......J.,04ffff001d024a07,0,
9567,00000000914e22b7...,2009-04-02T12:32:18+00:00,1,4273868069,......h.,04ffff001d026806,0,
9568,00000000739781c4...,2009-04-02T12:54:56+00:00,1,1918614792,......l.,04ffff001d026c06,0,
9569,00000000be92f0a7...,2009-04-02T12:55:51+00:00,1,14973493,........,04ffff001d02af00,0,
9570,000000003c53a581...,2009-04-02T13:18:39+00:00,1,4267015448,........,04ffff001d028e06,0,
9571,00000000373421d4...,2009-04-02T13:25:17+00:00,1,198426930,........,04ffff001d028f06,0,
9572,000000006650fe70...,2009-04-02T13:44:47+00:00,1,101115941,........,04ffff001d029406,0,
9573,0000000009e9fa77...,2009-04-02T13:46:04+00:00,1,25081229,......a,04ffff001d0161,0,
9574,0000000078493daf...,2009-04-02T14:00:20+00:00,1,367637786,........,04ffff001d029506,0,
9575,000000008a434bf6...,2009-04-02T14:13:48+00:00,1,1255068722,........,04ffff001d029906,0,
9576,0000000098e3770b...,2009-04-02T15:16:03+00:00,1,68294184,......T.,04ffff001d025407,0,
9577,0000000088df66fc...,2009-04-02T14:20:29+00:00,1,2835147815,........,04ffff001d029d06,0,
9578,000000006bb1dead...,2009-04-02T14:26:24+00:00,1,879527731,........,04ffff001d029f06,0,
9579,00000000de074c07...,2009-04-02T14:50:23+00:00,1,2805525018,........,04ffff001d02a206,0,
9580,00000000f9ba9d04...,2009-04-02T15:05:30+00:00,1,2101829432,........,04ffff001d02a606,0,
9581,0000000002aedc1b...,2009-04-02T15:13:47+00:00,1,4132215845,........,04ffff001d02aa06,0,
9582,0000000037640827...,2009-04-02T15:27:31+00:00,1,1842003487,........,04ffff001d02ad06,0,
9583,00000000769bdd49...,2009-04-02T15:43:58+00:00,1,2796040984,........,04ffff001d02b606,0,
9584,000000009540ad91...,2009-04-02T15:56:51+00:00,1,3822689077,........,04ffff001d02c306,0,
9585,000000008ff8524b...,2009-04-02T16:10:42+00:00,1,1312885551,........,04ffff001d02c806,0,
9586,00000000c1e4c451...,2009-04-02T16:26:36+00:00,1,1469334829,........,04ffff001d02d006,0,
9587,00000000b089d36f...,2009-04-02T17:33:51+00:00,1,148821774,......_.,04ffff001d025f07,0,
9588,000000004b94101e...,2009-04-02T16:41:55+00:00,1,2305261607,........,04ffff001d02d406,0,
9589,00000000b60cf3b3...,2009-04-02T16:56:42+00:00,1,530955031,........,04ffff001d02da06,0,
9590,000000000ceaa2df...,2009-04-02T17:20:39+00:00,1,3344463148,........,04ffff001d02dc06,0,
9591,00000000ce3d2992...,2009-04-02T17:42:29+00:00,1,1343364118,........,04ffff001d02e006,0,
9592,000000004f0f3c56...,2009-04-02T17:52:03+00:00,1,1870093864,........,04ffff001d02eb06,0,
9593,00000000283ae40e...,2009-04-02T18:11:34+00:00,1,3586820640,........,04ffff001d02f306,0,
9594,00000000d4845af7...,2009-04-02T18:18:22+00:00,1,256810784,........,04ffff001d02f806,0,
9595,000000009befcfc7...,2009-04-02T18:24:52+00:00,1,2173054258,........,04ffff001d02f906,0,
9596,0000000028f4d816...,2009-04-02T18:34:30+00:00,1,1114102318,........,04ffff001d020907,0,
9597,00000000f8ad031b...,2009-04-02T18:48:05+00:00,1,646754311,........,04ffff001d020a07,0,
9598,000000000ac3ed52...,2009-04-02T19:03:03+00:00,1,1414962734,........,04ffff001d020c07,0,
9599,00000000ebf49c30...,2009-04-02T19:23:22+00:00,1,1273135927,........,04ffff001d021107,0,
9600,00000000ca2be0b2...,2009-04-02T19:33:51+00:00,1,1009528832,........,04ffff001d021507,0,
9601,00000000cad779b7...,2009-04-02T19:47:51+00:00,1,2362675752,........,04ffff001d021807,0,
9602,0000000045ddcaf8...,2009-04-02T20:03:28+00:00,1,3007547953,........,04ffff001d021c07,0,
9603,0000000013d5e771...,2009-04-02T20:18:14+00:00,1,529569849,......&.,04ffff001d022607,0,
9604,00000000a1042f52...,2009-04-02T20:40:00+00:00,1,299818523,......1.,04ffff001d023107,0,
9605,0000000090b3ceeb...,2009-04-02T20:46:13+00:00,1,124449281,......p,04ffff001d0170,0,
9606,00000000af7bf7fc...,2009-04-02T20:49:00+00:00,1,269087794,......2.,04ffff001d023207,0,
9607,0000000038dfaa7e...,2009-04-02T21:02:39+00:00,1,4018763313,......4.,04ffff001d023407,0,
9608,00000000139581cc...,2009-04-02T21:10:33+00:00,1,3820534326,......6.,04ffff001d023607,0,
9609,00000000fc7ab2ee...,2009-04-02T21:24:40+00:00,1,116588571,......A.,04ffff001d024107,0,
9610,000000006d923baf...,2009-04-02T21:35:24+00:00,1,4046841137,......J.,04ffff001d024a07,0,
9611,00000000f7d48cdd...,2009-04-02T21:56:18+00:00,1,2853244449,......K.,04ffff001d024b07,0,
9612,00000000a91199ea...,2009-04-02T22:05:55+00:00,1,2655650093,......M.,04ffff001d024d07,0,
9613,00000000e836625a...,2009-04-02T22:25:35+00:00,1,3037822465,......N.,04ffff001d024e07,0,
9614,0000000088cbdf11...,2009-04-02T22:45:25+00:00,1,429065780,......R.,04ffff001d025207,0,
9615,0000000007d1cc63...,2009-04-02T22:54:47+00:00,1,2443987464,......U.,04ffff001d025507,0,
9616,00000000d27bc351...,2009-04-02T23:19:54+00:00,1,4044097820,......].,04ffff001d025d07,0,
9617,00000000c1b8eeb5...,2009-04-02T23:40:30+00:00,1,536746500,......^.,04ffff001d025e07,0,
9618,000000009d115087...,2009-04-02T23:59:33+00:00,1,2925192196,......`.,04ffff001d026007,0,
9619,00000000e7fd9047...,2009-04-03T00:06:59+00:00,1,631415303,......b.,04ffff001d026207,0,
9620,000000005c1911c1...,2009-04-03T00:30:14+00:00,1,3839804463,......c.,04ffff001d026307,0,
9621,0000000002026d84...,2009-04-03T00:40:20+00:00,1,475104795,......f.,04ffff001d026607,0,
9622,000000000276b83d...,2009-04-03T00:46:16+00:00,1,110039671,........,04ffff001d02b300,0,
9623,00000000dfac8a58...,2009-04-03T00:49:53+00:00,1,46640471,........,04ffff001d02b400,0,
9624,00000000fb2a066b...,2009-04-03T01:02:59+00:00,1,3382033686,......l.,04ffff001d026c07,0,
9625,00000000b91b9b68...,2009-04-03T01:09:28+00:00,1,126943050,........,04ffff001d02b700,0,
9626,00000000a6b6f1b2...,2009-04-03T01:20:30+00:00,1,1825125127,......m.,04ffff001d026d07,0,
9627,000000004a2ed49f...,2009-04-03T01:38:37+00:00,1,2615476787,......t.,04ffff001d027407,0,
9628,0000000019bee828...,2009-04-03T01:52:15+00:00,1,244444773,........,04ffff001d028700,0,
9629,000000008b57d05f...,2009-04-03T01:57:00+00:00,1,4076937520,........,04ffff001d027f07,0,
9630,00000000de934300...,2009-04-03T02:11:54+00:00,1,2665412631,........,04ffff001d028507,0,
9631,0000000059958a2c...,2009-04-03T02:36:47+00:00,1,912257836,........,04ffff001d028907,0,
9632,0000000006225257...,2009-04-03T02:39:12+00:00,1,63459727,........,04ffff001d028b00,0,
9633,000000002a50b1ae...,2009-04-03T02:53:10+00:00,1,1833352999,........,04ffff001d028a07,0,
9634,00000000260d5e47...,2009-04-03T03:05:31+00:00,1,337580333,........,04ffff001d028b07,0,
9635,00000000a0fac1ec...,2009-04-03T03:15:56+00:00,1,188910409,........,04ffff001d02c100,0,
9636,000000007a6594c3...,2009-04-03T03:25:30+00:00,1,1403900453,........,04ffff001d029207,0,
9637,00000000aa9e3062...,2009-04-03T03:46:06+00:00,1,814197028,........,04ffff001d029407,0,
9638,00000000eaf1c524...,2009-04-03T03:52:16+00:00,1,879974714,........,04ffff001d029507,0,
9639,000000008a6131c8...,2009-04-03T04:11:56+00:00,1,2530504960,........,04ffff001d029607,0,
9640,00000000f7790fbb...,2009-04-03T04:12:08+00:00,1,24131299,........,04ffff001d02c400,0,
9641,00000000cab9c479...,2009-04-03T04:27:09+00:00,1,234598751,........,04ffff001d02c500,0,
9642,000000009d4bbe1d...,2009-04-03T04:34:27+00:00,1,2516277280,........,04ffff001d029907,0,
9643,000000003b2609ae...,2009-04-03T04:57:31+00:00,1,3933080875,........,04ffff001d029c07,0,
9644,000000007d0aa517...,2009-04-03T05:17:09+00:00,1,3656898846,........,04ffff001d029d07,0,
9645,000000000d04c22b...,2009-04-03T05:35:56+00:00,1,2054384390,........,04ffff001d02a907,0,
9646,00000000c15b8557...,2009-04-03T05:54:49+00:00,1,2457459475,........,04ffff001d02ac07,0,
9647,000000005ace701a...,2009-04-03T05:59:53+00:00,1,121262376,......!,04ffff001d0121,0,
9648,00000000cfc1106f...,2009-04-03T06:08:19+00:00,1,3555224633,........,04ffff001d02ad07,0,
9649,00000000249676c4...,2009-04-03T06:21:00+00:00,1,2775283992,........,04ffff001d02b307,0,
9650,0000000057a45427...,2009-04-03T06:41:23+00:00,1,1469319975,........,04ffff001d02b507,0,
9651,000000004c4bc2f3...,2009-04-03T06:55:43+00:00,1,3045430790,........,04ffff001d02bb07,0,
9652,00000000855a4014...,2009-04-03T07:15:00+00:00,1,81580079,........,04ffff001d02bf07,0,
9653,0000000081aae35d...,2009-04-03T07:29:49+00:00,1,2476271381,........,04ffff001d02c007,0,
9654,00000000645934b3...,2009-04-03T07:45:00+00:00,1,2604251444,........,04ffff001d02c807,0,
9655,00000000f757255f...,2009-04-03T07:54:37+00:00,1,2949937411,........,04ffff001d02ca07,0,
9656,00000000d1592d33...,2009-04-03T07:59:37+00:00,1,48991934,......p.,04ffff001d027010,0,
9657,00000000fea351a9...,2009-04-03T08:03:25+00:00,1,83622366,........,04ffff001d02a400,0,
9658,00000000fd2c5d1d...,2009-04-03T08:07:06+00:00,1,2786753590,........,04ffff001d02cb07,0,
9659,00000000c949a1cd...,2009-04-03T08:07:34+00:00,1,36272957,......-,04ffff001d012d,0,
9660,00000000d2600ad0...,2009-04-03T08:12:56+00:00,1,1862978097,........,04ffff001d02cd07,0,
9661,0000000075cb04f1...,2009-04-03T08:33:56+00:00,1,2657076500,........,04ffff001d02cf07,0,
9662,00000000e4f5cca3...,2009-04-03T08:43:39+00:00,1,2299571988,........,04ffff001d02d207,0,
9663,000000004acb0af9...,2009-04-03T09:04:16+00:00,1,1310033705,........,04ffff001d02d307,0,
9664,000000004ba52092...,2009-04-03T09:22:48+00:00,1,3870331962,........,04ffff001d02d507,0,
9665,000000000069d1e3...,2009-04-03T09:30:58+00:00,1,1963371812,........,04ffff001d02db07,0,
9666,000000006e895e5f...,2009-04-03T09:39:33+00:00,1,61963841,........,04ffff001d021001,0,
9667,0000000040b8a028...,2009-04-03T09:50:08+00:00,1,2177876502,........,04ffff001d02dc07,0,
9668,0000000067bd9714...,2009-04-03T09:59:28+00:00,1,2475000105,........,04ffff001d02e207,0,
9669,00000000d55d8453...,2009-04-03T10:20:22+00:00,1,530660868,........,04ffff001d02ed07,0,
9670,0000000090eb010c...,2009-04-03T10:31:00+00:00,1,73283212,........,04ffff001d021401,0,
9671,0000000011773ce2...,2009-04-03T10:45:03+00:00,1,2585272866,........,04ffff001d02ef07,0,
9672,000000000e5be92e...,2009-04-03T10:54:27+00:00,1,2839024670,........,04ffff001d02f307,0,
9673,000000009e40d8a5...,2009-04-03T11:16:35+00:00,1,142255125,........,04ffff001d02f507,0,
9674,00000000feeb1594...,2009-04-03T11:38:18+00:00,1,3474107173,........,04ffff001d02f607,0,
9675,00000000e3890212...,2009-04-03T11:52:48+00:00,1,3833020182,........,04ffff001d020008,0,
9676,000000009a352dd3...,2009-04-03T11:58:35+00:00,1,56587029,........,04ffff001d028410,0,
9677,00000000940ec38d...,2009-04-03T12:14:17+00:00,1,3716582400,........,04ffff001d020808,0,
9678,00000000b63ba92f...,2009-04-03T12:39:54+00:00,1,2770194479,........,04ffff001d020c08,0,
9679,000000002c2d8262...,2009-04-03T12:46:46+00:00,1,126211837,........,04ffff001d02ba00,0,
9680,00000000358a8867...,2009-04-03T13:00:39+00:00,1,294777126,........,04ffff001d021608,0,
9681,00000000540dfeaa...,2009-04-03T13:18:51+00:00,1,4155943683,........,04ffff001d021b08,0,
9682,000000006ff67eea...,2009-04-03T13:32:45+00:00,1,242272539,........,04ffff001d021e08,0,
9683,00000000a3111e55...,2009-04-03T13:51:31+00:00,1,1843069997,...... .,04ffff001d022008,0,
9684,00000000f6028c9e...,2009-04-03T13:57:40+00:00,1,4107683589,......!.,04ffff001d022108,0,
9685,00000000e1116365...,2009-04-03T14:13:30+00:00,1,4129491738,......'.,04ffff001d022708,0,
9686,0000000041918916...,2009-04-03T14:32:58+00:00,1,3318419258,......0.,04ffff001d023008,0,
9687,0000000082069a2b...,2009-04-03T14:46:25+00:00,1,1681261599,......:.,04ffff001d023a08,0,
9688,0000000038806a20...,2009-04-03T14:50:02+00:00,1,64770265,.......,04ffff001d010e,0,
9689,00000000d99c02b3...,2009-04-03T14:54:58+00:00,1,93074689,........,04ffff001d02ae00,0,
9690,00000000514bd404...,2009-04-03T15:02:57+00:00,1,1643240748,......<.,04ffff001d023c08,0,
9691,00000000689e9c3f...,2009-04-03T15:11:14+00:00,1,511794949,......=.,04ffff001d023d08,0,
9692,000000003dee36ad...,2009-04-03T15:25:59+00:00,1,1935407657,......?.,04ffff001d023f08,0,
9693,00000000227da119...,2009-04-03T15:26:12+00:00,1,10847611,......+.,04ffff001d022b01,0,
9694,00000000266b7953...,2009-04-03T15:37:08+00:00,1,176347941,......M.,04ffff001d024d08,0,
9695,00000000be6587bd...,2009-04-03T15:50:11+00:00,1,252333415,........,04ffff001d02b400,0,
9696,000000002315c8f1...,2009-04-03T15:57:01+00:00,1,4068899610,......V.,04ffff001d025608,0,
9697,0000000050fee4db...,2009-04-03T16:11:47+00:00,1,357753860,......X.,04ffff001d025808,0,
9698,000000003c0c87bf...,2009-04-03T16:33:43+00:00,1,2013976609,......^.,04ffff001d025e08,0,
9699,00000000132ba963...,2009-04-03T16:40:16+00:00,1,129168049,........,04ffff001d02ce00,0,
9700,00000000e9e87b02...,2009-04-03T16:58:40+00:00,1,694636825,......_.,04ffff001d025f08,0,
9701,00000000d88851f4...,2009-04-03T17:01:37+00:00,1,56655828,........,04ffff001d02ba00,0,
9702,000000005c11d302...,2009-04-03T17:14:45+00:00,1,3621498633,......m.,04ffff001d026d08,0,
9703,00000000096a6e5a...,2009-04-03T17:23:33+00:00,1,2448628023,......v.,04ffff001d027608,0,
9704,00000000aa339ed7...,2009-04-03T17:35:42+00:00,1,3605603379,......z.,04ffff001d027a08,0,
9705,00000000873b99a2...,2009-04-03T18:01:45+00:00,1,4122852409,........,04ffff001d028608,0,
9706,00000000da693e26...,2009-04-03T18:14:14+00:00,1,208191488,......\,04ffff001d015c,0,
9707,000000006547a587...,2009-04-03T18:23:02+00:00,1,3827474697,........,04ffff001d028a08,0,
9708,00000000f3defe04...,2009-04-03T18:30:57+00:00,1,151895249,........,04ffff001d02d700,0,
9709,000000002b51ba14...,2009-04-03T18:46:05+00:00,1,603122458,........,04ffff001d029008,0,
9710,000000000bab708d...,2009-04-03T19:09:39+00:00,1,3713290776,........,04ffff001d029508,0,
9711,00000000688c1631...,2009-04-03T19:26:01+00:00,1,287841252,........,04ffff001d02da00,0,
9712,00000000e30fe178...,2009-04-03T19:32:13+00:00,1,1624935705,........,04ffff001d02b008,0,
9713,0000000007518e99...,2009-04-03T19:51:59+00:00,1,32859159,........,04ffff001d02b308,0,
9714,00000000e31ced05...,2009-04-03T19:57:59+00:00,1,113986070,........,04ffff001d02c600,0,
9715,000000006e1805bc...,2009-04-03T20:13:52+00:00,1,469114136,........,04ffff001d02bd08,0,
9716,00000000c3fb5743...,2009-04-03T20:24:40+00:00,1,166881145,......f,04ffff001d0166,0,
9717,000000000558b359...,2009-04-03T20:40:28+00:00,1,786563105,........,04ffff001d02da08,0,
9718,00000000750b79eb...,2009-04-03T21:02:36+00:00,1,3261024553,........,04ffff001d02de08,0,
9719,00000000c609eea6...,2009-04-03T21:14:36+00:00,1,79800938,......E.,04ffff001d024501,0,
9720,0000000023b6a52f...,2009-04-03T21:18:59+00:00,1,3157072133,........,04ffff001d02e208,0,
9721,00000000163ed6f9...,2009-04-03T21:39:44+00:00,1,2919382046,........,04ffff001d02e408,0,
9722,00000000fa80410d...,2009-04-03T21:47:40+00:00,1,4090284566,........,04ffff001d02e808,0,
9723,0000000024ecf3ea...,2009-04-03T22:02:51+00:00,1,2140711702,........,04ffff001d02e908,0,
9724,000000005275079c...,2009-04-03T22:18:27+00:00,1,275256064,........,04ffff001d02e700,0,
9725,000000002369d415...,2009-04-03T22:22:41+00:00,1,3912622385,........,04ffff001d02f208,0,
9726,0000000089a541c0...,2009-04-03T22:38:41+00:00,1,2081414176,........,04ffff001d02fa08,0,
9727,00000000a0d6037d...,2009-04-03T22:39:28+00:00,1,13570263,......q,04ffff001d0171,0,
9728,00000000852cdd8f...,2009-04-03T22:44:04+00:00,1,332586017,........,04ffff001d02fc08,0,
9729,0000000075d57060...,2009-04-03T22:55:40+00:00,1,3755348021,........,04ffff001d020509,0,
9730,000000007838923a...,2009-04-03T23:11:18+00:00,1,2854747170,........,04ffff001d020f09,0,
9731,00000000e7c9fde0...,2009-04-03T23:11:39+00:00,1,11288152,......Q.,04ffff001d025101,0,
9732,00000000c0843851...,2009-04-03T23:29:14+00:00,1,1033681692,........,04ffff001d021009,0,
9733,00000000733c021f...,2009-04-03T23:47:25+00:00,1,1618844709,......!.,04ffff001d022109,0,
9734,0000000090bf5785...,2009-04-03T23:57:53+00:00,1,3710256427,......+.,04ffff001d022b09,0,
9735,000000001c27ab68...,2009-04-04T00:01:06+00:00,1,50407924,......y,04ffff001d0179,0,
9736,00000000eec7665c...,2009-04-04T00:20:45+00:00,1,343697012,......=,04ffff001d013d,0,
9737,0000000069bdbe2e...,2009-04-04T00:22:23+00:00,1,599119662,......5.,04ffff001d023509,0,
9738,000000008d9f4089...,2009-04-04T00:30:54+00:00,1,1207600177,......;.,04ffff001d023b09,0,
9739,00000000b7bbb7e5...,2009-04-04T00:34:37+00:00,1,33105665,........,04ffff001d02c310,0,
9740,00000000499e0f61...,2009-04-04T00:47:34+00:00,1,2515707422,......F.,04ffff001d024609,0,
9741,00000000c8b46962...,2009-04-04T01:04:02+00:00,1,1629949188,......i.,04ffff001d026909,0,
9742,00000000e21c6bbc...,2009-04-04T01:29:38+00:00,1,986729784,......o.,04ffff001d026f09,0,
9743,00000000f2a763b0...,2009-04-04T01:30:09+00:00,1,33352589,........,04ffff001d02fa00,0,
9744,00000000932e1c57...,2009-04-04T01:54:35+00:00,1,1136691,......s.,04ffff001d027309,0,
9745,0000000098821d4e...,2009-04-04T02:01:06+00:00,1,1891539509,......x.,04ffff001d027809,0,
9746,00000000fc2b4cff...,2009-04-04T02:14:14+00:00,1,966030119,......~.,04ffff001d027e09,0,
9747,00000000dc389644...,2009-04-04T02:41:41+00:00,1,453556007,........,04ffff001d029009,0,
9748,000000004c174d3c...,2009-04-04T02:53:41+00:00,1,4234999042,........,04ffff001d029109,0,
9749,00000000f40c565c...,2009-04-04T03:12:13+00:00,1,1701174018,........,04ffff001d029a09,0,
9750,000000000130e597...,2009-04-04T03:28:23+00:00,1,3808580905,........,04ffff001d02a009,0,
9751,00000000e96c66f3...,2009-04-04T03:52:24+00:00,1,1528917802,........,04ffff001d02b009,0,
9752,000000003d4b483c...,2009-04-04T04:14:23+00:00,1,926943796,........,04ffff001d02bc09,0,
9753,0000000024242b7b...,2009-04-04T04:21:41+00:00,1,3068018995,........,04ffff001d02c409,0,
9754,00000000c9e31abb...,2009-04-04T04:38:13+00:00,1,818981172,........,04ffff001d02d109,0,
9755,00000000e2784200...,2009-04-04T04:48:49+00:00,1,205041184,........,04ffff001d02ee00,0,
9756,00000000e6c6176e...,2009-04-04T04:55:32+00:00,1,1069513498,........,04ffff001d02d709,0,
9757,00000000b83466f4...,2009-04-04T05:22:54+00:00,1,4143752495,........,04ffff001d02e709,0,
9758,00000000ba57d5da...,2009-04-04T05:36:16+00:00,1,4061632036,........,04ffff001d02ea09,0,
9759,00000000fd3a6b6e...,2009-04-04T05:54:06+00:00,1,3699053601,........,04ffff001d02ef09,0,
9760,000000000505e016...,2009-04-04T05:56:32+00:00,1,25299181,........,04ffff001d02d810,0,
9761,00000000e0117357...,2009-04-04T06:16:54+00:00,1,3768953859,........,04ffff001d02000a,0,
9762,0000000021d6c84f...,2009-04-04T06:32:32+00:00,1,103550490,........,04ffff001d02050a,0,
9763,00000000f36f8582...,2009-04-04T06:49:45+00:00,1,1942750260,........,04ffff001d02060a,0,
9764,000000000c1d42bc...,2009-04-04T07:12:09+00:00,1,265869862,........,04ffff001d02090a,0,
9765,0000000050feb633...,2009-04-04T07:31:57+00:00,1,3916840963,........,04ffff001d020d0a,0,
9766,000000007619e5ce...,2009-04-04T07:37:51+00:00,1,4202915349,........,04ffff001d020f0a,0,
9767,000000000f05d756...,2009-04-04T07:47:04+00:00,1,2135401269,........,04ffff001d02100a,0,
9768,00000000791297c9...,2009-04-04T07:59:47+00:00,1,3889510144,........,04ffff001d02180a,0,
9769,0000000052a96735...,2009-04-04T08:17:28+00:00,1,862977584,........,04ffff001d021c0a,0,
9770,000000008a11f317...,2009-04-04T08:28:05+00:00,1,104519248,........,04ffff001d02e210,0,
9771,0000000093f6623f...,2009-04-04T08:36:14+00:00,1,811460101,........,04ffff001d021f0a,0,
9772,00000000ec7f892e...,2009-04-04T08:56:56+00:00,1,1439029297,......!.,04ffff001d02210a,0,
9773,000000001d3b956f...,2009-04-04T09:14:28+00:00,1,2456659251,......#.,04ffff001d02230a,0,
9774,000000002f38afb1...,2009-04-04T09:30:47+00:00,1,1706623233,......$.,04ffff001d02240a,0,
9775,00000000772098ea...,2009-04-04T09:32:09+00:00,1,8419514,.......,04ffff001d011e,0,
9776,00000000cd0331eb...,2009-04-04T09:38:39+00:00,1,3157252889,......*.,04ffff001d022a0a,0,
9777,00000000fdaf27ae...,2009-04-04T09:52:01+00:00,1,742223619,......+.,04ffff001d022b0a,0,
9778,00000000056eaac6...,2009-04-04T10:05:36+00:00,1,3076332065,......0.,04ffff001d02300a,0,
9779,0000000074a2f7b5...,2009-04-04T10:37:01+00:00,1,98102728,........,04ffff001d021b0b,0,
9780,00000000425264e3...,2009-04-04T11:04:29+00:00,1,566299064,........,04ffff001d02a600,0,
9781,00000000aed37226...,2009-04-04T11:18:29+00:00,1,2125699102,.......,04ffff001d0104,0,
9782,00000000f2a17654...,2009-04-04T11:41:27+00:00,1,26225185,.......,04ffff001d0113,0,
9783,000000002a97e6e8...,2009-04-04T11:53:06+00:00,1,633020447,.......,04ffff001d0117,0,
9784,0000000016e447db...,2009-04-04T12:02:34+00:00,1,4279119386,.......,04ffff001d011a,0,
9785,000000009ac2acfc...,2009-04-04T12:11:11+00:00,1,1690486047,.......,04ffff001d011d,0,
9786,000000007bee3c3f...,2009-04-04T12:24:52+00:00,1,183187492,.......,04ffff001d011f,0,
9787,00000000b06330c8...,2009-04-04T12:38:48+00:00,1,220131449,........,04ffff001d02ad00,0,
9788,00000000d704e101...,2009-04-04T12:42:24+00:00,1,2140807213,......#,04ffff001d0123,0,
9789,00000000e2c7a3dd...,2009-04-04T12:49:23+00:00,1,63867863,........,04ffff001d02f510,0,
9790,000000002e45eea4...,2009-04-04T13:01:45+00:00,1,4051795483,......&,04ffff001d0126,0,
9791,00000000e9d3d760...,2009-04-04T13:19:48+00:00,1,3033325857,......-,04ffff001d012d,0,
9792,00000000d27dede5...,2009-04-04T13:22:05+00:00,1,52983918,......+.,04ffff001d022b01,0,
9793,000000002508648d...,2009-04-04T13:35:04+00:00,1,3006726191,......2,04ffff001d0132,0,
9794,000000007b93b956...,2009-04-04T13:46:56+00:00,1,1975328770,......4,04ffff001d0134,0,
9795,0000000048ef72a0...,2009-04-04T13:52:45+00:00,1,102678621,........,04ffff001d021401,0,
9796,000000000ca08faf...,2009-04-04T14:08:17+00:00,1,8003631,......=,04ffff001d013d,0,
9797,000000002f571b4f...,2009-04-04T14:22:17+00:00,1,90097058,........,04ffff001d029301,0,
9798,00000000f95a15ff...,2009-04-04T14:25:34+00:00,1,18692946,........,04ffff001d02fe10,0,
9799,000000009850880d...,2009-04-04T14:29:06+00:00,1,1579251248,......?,04ffff001d013f,0,
9800,000000001eb7936c...,2009-04-04T14:50:09+00:00,1,680978232,......@,04ffff001d0140,0,
9801,000000001e46be04...,2009-04-04T14:59:34+00:00,1,2205018933,......C,04ffff001d0143,0,
9802,000000002741cb46...,2009-04-04T15:17:26+00:00,1,3206163720,......_,04ffff001d015f,0,
9803,00000000199e509e...,2009-04-04T15:42:42+00:00,1,3407590958,......f,04ffff001d0166,0,
9804,000000008c750dd0...,2009-04-04T15:46:16+00:00,1,50197925,........,04ffff001d02be00,0,
9805,00000000a327da80...,2009-04-04T15:49:50+00:00,1,79476176,......8.,04ffff001d023801,0,
9806,000000001a1fbb78...,2009-04-04T15:52:58+00:00,1,30042699,........,04ffff001d021f01,0,
9807,000000006065e980...,2009-04-04T15:58:31+00:00,1,113197475,......:.,04ffff001d023a01,0,
9808,00000000c21b7238...,2009-04-04T16:01:29+00:00,1,3965382422,......p,04ffff001d0170,0,
9809,00000000018003d2...,2009-04-04T16:02:03+00:00,1,1998757,........,04ffff001d02c300,0,
9810,00000000277fe7c8...,2009-04-04T16:09:10+00:00,1,1756563244,......t,04ffff001d0174,0,
9811,0000000071d2f3b1...,2009-04-04T16:10:25+00:00,1,37934249,.......,04ffff001d010d,0,
9812,00000000f8e01ecb...,2009-04-04T16:21:32+00:00,1,2722422315,......v,04ffff001d0176,0,
9813,000000003029b2ee...,2009-04-04T16:44:48+00:00,1,376708891,......y,04ffff001d0179,0,
9814,000000007fa0dae8...,2009-04-04T16:50:14+00:00,1,3895295510,......z,04ffff001d017a,0,
9815,000000006d7551a9...,2009-04-04T17:16:03+00:00,1,4159975710,........,04ffff001d028600,0,
9816,000000004bdaff91...,2009-04-04T17:38:06+00:00,1,187839529,........,04ffff001d028b00,0,
9817,000000001cc02184...,2009-04-04T17:46:00+00:00,1,152252109,.......,04ffff001d0113,0,
9818,000000008947233a...,2009-04-04T17:55:35+00:00,1,4025919240,........,04ffff001d028f00,0,
9819,0000000019844a24...,2009-04-04T18:03:28+00:00,1,3170649646,........,04ffff001d029200,0,
9820,00000000aaee60d5...,2009-04-04T18:23:52+00:00,1,982368806,........,04ffff001d029400,0,
9821,00000000c3443b25...,2009-04-04T18:35:23+00:00,1,2079804182,........,04ffff001d029b00,0,
9822,0000000095f7eb84...,2009-04-04T18:49:54+00:00,1,3347568645,........,04ffff001d02a500,0,
9823,00000000b880ef8c...,2009-04-04T18:57:51+00:00,1,682302215,........,04ffff001d02a600,0,
9824,000000000d20a20d...,2009-04-04T19:18:38+00:00,1,4178360624,........,04ffff001d02ad00,0,
9825,0000000002f84ce9...,2009-04-04T19:29:35+00:00,1,366014229,........,04ffff001d02bc00,0,
9826,000000007509929e...,2009-04-04T19:46:19+00:00,1,1432320295,........,04ffff001d02d200,0,
9827,0000000003eb7f28...,2009-04-04T20:01:24+00:00,1,4033342247,........,04ffff001d02da00,0,
9828,00000000db0de32a...,2009-04-04T20:08:07+00:00,1,1253293316,........,04ffff001d02de00,0,
9829,00000000d40f8fd5...,2009-04-04T20:19:42+00:00,1,73525183,........,04ffff001d02b301,0,
9830,000000007f59c710...,2009-04-04T20:28:34+00:00,1,123837992,........,04ffff001d02e600,0,
9831,00000000cb436394...,2009-04-04T20:39:15+00:00,1,2008523059,........,04ffff001d02f500,0,
9832,00000000a17bc7e5...,2009-04-04T20:52:03+00:00,1,238496057,......9.,04ffff001d023901,0,
9833,00000000291d1e99...,2009-04-04T21:01:20+00:00,1,1583900215,........,04ffff001d02fa00,0,
9834,0000000019ec79c4...,2009-04-04T21:08:41+00:00,1,132160124,......;.,04ffff001d023b01,0,
9835,000000009661f970...,2009-04-04T21:21:00+00:00,1,4002930711,........,04ffff001d02fb00,0,
9836,0000000025fbf75f...,2009-04-04T21:35:30+00:00,1,1427989251,........,04ffff001d02fc00,0,
9837,00000000acc0f1ca...,2009-04-04T21:54:24+00:00,1,707935542,........,04ffff001d02fd00,0,
9838,00000000daea17fe...,2009-04-04T21:54:48+00:00,1,34615383,.......,04ffff001d0103,0,
9839,000000008bfb183e...,2009-04-04T22:13:52+00:00,1,3747425798,........,04ffff001d02fe00,0,
9840,00000000d846c5fb...,2009-04-04T22:22:18+00:00,1,2683211270,........,04ffff001d020101,0,
9841,00000000a24ffe7c...,2009-04-04T22:31:29+00:00,1,2749377590,........,04ffff001d020701,0,
9842,00000000e8abf3d8...,2009-04-04T22:56:04+00:00,1,1421711873,........,04ffff001d020801,0,
9843,000000008662451a...,2009-04-04T23:12:37+00:00,1,420206112,.......,04ffff001d0108,0,
9844,000000008dd438ba...,2009-04-04T23:24:16+00:00,1,4282246955,........,04ffff001d021f01,0,
9845,00000000063331e3...,2009-04-04T23:36:51+00:00,1,1037040182,"......"".",04ffff001d022201,0,
9846,000000004bde83b5...,2009-04-04T23:45:01+00:00,1,1189557021,......0.,04ffff001d023001,0,
9847,000000006ba2b448...,2009-04-04T23:51:44+00:00,1,4140331796,......3.,04ffff001d023301,0,
9848,0000000049e4e635...,2009-04-05T00:00:38+00:00,1,2358792999,......4.,04ffff001d023401,0,
9849,0000000063ab29ae...,2009-04-05T00:25:27+00:00,1,581860399,......;.,04ffff001d023b01,0,
9850,00000000529faae2...,2009-04-05T00:40:29+00:00,1,291660836,......G.,04ffff001d024701,0,
9851,0000000051be16bf...,2009-04-05T00:53:09+00:00,1,4232113190,......H.,04ffff001d024801,0,
9852,00000000c2eb520c...,2009-04-05T01:16:37+00:00,1,2295724838,......J.,04ffff001d024a01,0,
9853,00000000d0a62503...,2009-04-05T01:29:27+00:00,1,98207330,......5.,04ffff001d023511,0,
9854,0000000048ce4295...,2009-04-05T01:30:59+00:00,1,971545898,......N.,04ffff001d024e01,0,
9855,000000006d47c68c...,2009-04-05T01:47:26+00:00,1,273556738,......`.,04ffff001d026001,0,
9856,00000000a8214532...,2009-04-05T02:07:51+00:00,1,316002091,........,04ffff001d02dd00,0,
9857,00000000f83aa109...,2009-04-05T02:08:36+00:00,1,11665059,......Q.,04ffff001d025101,0,
9858,00000000a812372e...,2009-04-05T02:10:23+00:00,1,4118683141,......c.,04ffff001d026301,0,
9859,00000000f92ea7ff...,2009-04-05T02:16:20+00:00,1,91723783,........,04ffff001d02e000,0,
9860,000000007950f508...,2009-04-05T02:16:53+00:00,1,712262433,......e.,04ffff001d026501,0,
9861,00000000302e1d04...,2009-04-05T02:34:15+00:00,1,3608516903,......p.,04ffff001d027001,0,
9862,00000000b982f25d...,2009-04-05T02:55:04+00:00,1,2276185397,......z.,04ffff001d027a01,0,
9863,00000000fc83cbb1...,2009-04-05T03:15:59+00:00,1,988664084,........,04ffff001d028201,0,
9864,000000005429a299...,2009-04-05T03:37:14+00:00,1,3197822209,........,04ffff001d028301,0,
9865,0000000056bf00aa...,2009-04-05T03:45:16+00:00,1,146678643,......t.,04ffff001d027401,0,
9866,00000000e99b6bda...,2009-04-05T03:53:04+00:00,1,1562044934,........,04ffff001d029801,0,
9867,0000000074642394...,2009-04-05T04:05:39+00:00,1,423597104,........,04ffff001d02a201,0,
9868,00000000dcab851d...,2009-04-05T04:07:16+00:00,1,17381298,........,04ffff001d02e900,0,
9869,00000000e975fdbc...,2009-04-05T04:28:54+00:00,1,4190875414,........,04ffff001d02a401,0,
9870,00000000f2c4d9b2...,2009-04-05T04:33:52+00:00,1,70028460,........,04ffff001d02eb00,0,
9871,000000006d3d2980...,2009-04-05T04:55:00+00:00,1,1590396198,........,04ffff001d02aa01,0,
9872,0000000096fed37e...,2009-04-05T04:54:58+00:00,1,16710024,......J,04ffff001d014a,0,
9873,0000000049adbeec...,2009-04-05T05:05:19+00:00,1,208334875,........,04ffff001d02ab01,0,
9874,00000000e6e807e8...,2009-04-05T05:24:42+00:00,1,3112131882,........,04ffff001d02b101,0,
9875,000000000f251795...,2009-04-05T05:37:51+00:00,1,746257197,........,04ffff001d02b301,0,
9876,00000000f22459f7...,2009-04-05T05:39:26+00:00,1,42168770,........,04ffff001d027f01,0,
9877,00000000260d7ccc...,2009-04-05T05:45:43+00:00,1,3925511480,........,04ffff001d02b501,0,
9878,00000000eb14c7b9...,2009-04-05T05:49:46+00:00,1,82254511,........,04ffff001d028101,0,
9879,000000003d6d7481...,2009-04-05T05:59:56+00:00,1,1613387041,........,04ffff001d02b801,0,
9880,000000003abc5f04...,2009-04-05T06:13:37+00:00,1,2930522412,........,04ffff001d02be01,0,
9881,00000000305fd11c...,2009-04-05T06:25:05+00:00,1,101977805,......Q.,04ffff001d025111,0,
9882,000000002feb2d69...,2009-04-05T06:34:59+00:00,1,2880707605,........,04ffff001d02c701,0,
9883,0000000042ac8da5...,2009-04-05T06:50:22+00:00,1,1457879608,........,04ffff001d02cf01,0,
9884,000000007446ffb5...,2009-04-05T06:57:39+00:00,1,2716924186,........,04ffff001d02d301,0,
9885,00000000dcd9113f...,2009-04-05T07:09:35+00:00,1,3640648484,........,04ffff001d02d501,0,
9886,000000009fb14d36...,2009-04-05T07:15:45+00:00,1,2632367880,........,04ffff001d02d901,0,
9887,000000002d00ebef...,2009-04-05T07:32:11+00:00,1,256183996,........,04ffff001d02fc00,0,
9888,00000000c6ebe5f7...,2009-04-05T07:37:25+00:00,1,82978701,........,04ffff001d02fd00,0,
9889,00000000fd523232...,2009-04-05T07:39:29+00:00,1,3693227066,........,04ffff001d02e501,0,
9890,000000001d23b45a...,2009-04-05T07:48:30+00:00,1,135182175,........,04ffff001d02ff00,0,
9891,000000006e5c5d97...,2009-04-05T07:54:42+00:00,1,993495062,........,04ffff001d02f001,0,
9892,00000000c65e4d56...,2009-04-05T08:02:59+00:00,1,1767151923,........,04ffff001d02f301,0,
9893,0000000020d05beb...,2009-04-05T08:19:05+00:00,1,303201170,......u.,04ffff001d027501,0,
9894,0000000082b71f33...,2009-04-05T08:20:46+00:00,1,3977942839,........,04ffff001d02f701,0,
9895,0000000099caf17c...,2009-04-05T08:35:18+00:00,1,86393382,........,04ffff001d02f801,0,
9896,000000005ce263b5...,2009-04-05T08:45:56+00:00,1,197544521,......x.,04ffff001d027801,0,
9897,00000000d62aaa33...,2009-04-05T08:54:51+00:00,1,167255679,........,04ffff001d029401,0,
9898,0000000000da30f9...,2009-04-05T08:58:53+00:00,1,3106255903,........,04ffff001d020502,0,
9899,000000007ba45c05...,2009-04-05T09:04:26+00:00,1,1501561379,........,04ffff001d020702,0,
9900,00000000aaba6f09...,2009-04-05T09:22:57+00:00,1,2571692822,........,04ffff001d021702,0,
9901,00000000d79c1ab8...,2009-04-05T09:37:13+00:00,1,126586009,......e.,04ffff001d026511,0,
9902,00000000b988c07e...,2009-04-05T09:43:07+00:00,1,247054897,........,04ffff001d021e02,0,
9903,00000000cef2a8c0...,2009-04-05T10:05:24+00:00,1,2428832033,........,04ffff001d021f02,0,
9904,0000000089877bc5...,2009-04-05T10:07:15+00:00,1,6121365,......h.,04ffff001d026811,0,
9905,00000000b6c64cda...,2009-04-05T10:11:18+00:00,1,62024055,........,04ffff001d020e01,0,
9906,00000000f7061818...,2009-04-05T10:16:27+00:00,1,3135344430,"......,.",04ffff001d022c02,0,
9907,00000000ca936077...,2009-04-05T10:23:32+00:00,1,138434807,......l,04ffff001d016c,0,
9908,00000000a0163eea...,2009-04-05T10:25:43+00:00,1,1369539111,......:.,04ffff001d023a02,0,
9909,0000000042f28c9a...,2009-04-05T10:49:01+00:00,1,2090380324,......<.,04ffff001d023c02,0,
9910,00000000e8999f40...,2009-04-05T10:55:46+00:00,1,2743171073,......A.,04ffff001d024102,0,
9911,0000000027e00f2e...,2009-04-05T11:06:20+00:00,1,2072777222,......E.,04ffff001d024502,0,
9912,00000000004afd11...,2009-04-05T11:16:42+00:00,1,3261165873,......H.,04ffff001d024802,0,
9913,000000005bfebf4e...,2009-04-05T11:24:06+00:00,1,798915363,......I.,04ffff001d024902,0,
9914,000000001f193ff0...,2009-04-05T11:40:52+00:00,1,2536398635,......J.,04ffff001d024a02,0,
9915,000000005f88f80b...,2009-04-05T11:43:12+00:00,1,54087853,........,04ffff001d02a601,0,
9916,00000000b0718c24...,2009-04-05T11:47:52+00:00,1,58338327,........,04ffff001d028a01,0,
9917,00000000b1cbcc5f...,2009-04-05T11:59:37+00:00,1,2094141744,......K.,04ffff001d024b02,0,
9918,00000000a25e736d...,2009-04-05T12:15:44+00:00,1,2428088623,......S.,04ffff001d025302,0,
9919,00000000509856bd...,2009-04-05T12:27:28+00:00,1,216681294,........,04ffff001d028d01,0,
9920,00000000157515f9...,2009-04-05T12:30:57+00:00,1,73519100,........,04ffff001d02ab01,0,
9921,00000000bfc3e264...,2009-04-05T12:34:20+00:00,1,2094260755,......U.,04ffff001d025502,0,
9922,00000000ba4cc440...,2009-04-05T12:47:54+00:00,1,1950924035,......g.,04ffff001d026702,0,
9923,00000000ed666ffd...,2009-04-05T12:57:36+00:00,1,3951405360,......i.,04ffff001d026902,0,
9924,0000000076c29e48...,2009-04-05T13:13:05+00:00,1,2428053280,......s.,04ffff001d027302,0,
9925,0000000080ba99de...,2009-04-05T13:26:21+00:00,1,4084051989,......t.,04ffff001d027402,0,
9926,00000000f41633f4...,2009-04-05T13:40:58+00:00,1,488035352,......w.,04ffff001d027702,0,
9927,00000000129114ff...,2009-04-05T14:00:17+00:00,1,3121899826,......x.,04ffff001d027802,0,
9928,00000000ee486566...,2009-04-05T14:17:01+00:00,1,2768331557,......{.,04ffff001d027b02,0,
9929,00000000405bfdff...,2009-04-05T14:28:25+00:00,1,2181591850,......~.,04ffff001d027e02,0,
9930,000000004fdea739...,2009-04-05T14:35:54+00:00,1,66729674,........,04ffff001d028111,0,
9931,00000000f6768d86...,2009-04-05T14:45:12+00:00,1,236740121,........,04ffff001d028102,0,
9932,00000000f29255c1...,2009-04-05T14:53:08+00:00,1,2912311342,........,04ffff001d028502,0,
9933,000000001c575632...,2009-04-05T15:14:37+00:00,1,1496961331,........,04ffff001d028602,0,
9934,000000009334f65e...,2009-04-05T15:25:37+00:00,1,4047817519,........,04ffff001d028a02,0,
9935,0000000034c59968...,2009-04-05T15:30:35+00:00,1,16434097,........,04ffff001d02be00,0,
9936,000000003ef1a1b4...,2009-04-05T15:32:28+00:00,1,711220535,........,04ffff001d028e02,0,
9937,0000000037859d14...,2009-04-05T15:35:14+00:00,1,22445444,........,04ffff001d028811,0,
9938,00000000212d49b2...,2009-04-05T15:44:39+00:00,1,1732088865,........,04ffff001d029002,0,
9939,00000000220d3c67...,2009-04-05T15:56:05+00:00,1,416192034,........,04ffff001d029202,0,
9940,000000007f6a6d00...,2009-04-05T16:12:58+00:00,1,1851584033,........,04ffff001d029502,0,
9941,00000000a5b94128...,2009-04-05T16:15:43+00:00,1,52569991,........,04ffff001d028e00,0,
9942,00000000f51d5e5c...,2009-04-05T16:26:05+00:00,1,2551599873,........,04ffff001d029b02,0,
9943,00000000e1e95278...,2009-04-05T16:33:20+00:00,1,131537074,........,04ffff001d02a501,0,
9944,00000000cdddc307...,2009-04-05T16:50:50+00:00,1,870967,........,04ffff001d029f02,0,
9945,0000000055b1370e...,2009-04-05T17:08:12+00:00,1,4219149612,........,04ffff001d02a102,0,
9946,00000000203d3170...,2009-04-05T17:15:21+00:00,1,2936598327,........,04ffff001d02a202,0,
9947,000000002a517849...,2009-04-05T17:30:08+00:00,1,3069700866,........,04ffff001d02a302,0,
9948,00000000a2c3e65a...,2009-04-05T17:53:45+00:00,1,764430638,........,04ffff001d02a502,0,
9949,00000000ff79b07c...,2009-04-05T18:15:28+00:00,1,1960133669,........,04ffff001d02a702,0,
9950,000000006eaa1ad2...,2009-04-05T18:34:02+00:00,1,323415430,........,04ffff001d029700,0,
9951,00000000bc769c78...,2009-04-05T18:38:26+00:00,1,1746691849,........,04ffff001d02a902,0,
9952,00000000280ed43a...,2009-04-05T19:00:38+00:00,1,676363045,........,04ffff001d02b002,0,
9953,00000000dd0a273c...,2009-04-05T19:14:18+00:00,1,1581811456,........,04ffff001d02b702,0,
9954,00000000e5cdfab0...,2009-04-05T19:20:15+00:00,1,84908894,......?.,04ffff001d023f01,0,
9955,0000000037b21af9...,2009-04-05T19:30:21+00:00,1,2988081700,........,04ffff001d02ba02,0,
9956,0000000004e54c15...,2009-04-05T19:36:36+00:00,1,1965214984,........,04ffff001d02c002,0,
9957,000000005ad11062...,2009-04-05T19:45:54+00:00,1,2466768438,........,04ffff001d02c502,0,
9958,00000000d0d520c9...,2009-04-05T19:51:41+00:00,1,103035547,........,04ffff001d02b301,0,
9959,00000000d086fbe7...,2009-04-05T20:09:46+00:00,1,2452285730,........,04ffff001d02ca02,0,
9960,000000006fea5455...,2009-04-05T20:17:51+00:00,1,1016306453,........,04ffff001d02d102,0,
9961,00000000d7f6d30a...,2009-04-05T20:27:56+00:00,1,2095787559,........,04ffff001d02df02,0,
9962,000000005f65e257...,2009-04-05T20:43:36+00:00,3,1431176739,........,04ffff001d02e102,0,
9963,000000008be5e6ac...,2009-04-05T20:54:43+00:00,1,2818149420,........,04ffff001d02e402,0,
9964,000000007eb86c59...,2009-04-05T21:16:13+00:00,1,1168310293,........,04ffff001d02e602,0,
9965,0000000010ba65d0...,2009-04-05T21:30:54+00:00,1,2363548215,........,04ffff001d02e702,0,
9966,00000000d3fd563f...,2009-04-05T21:42:14+00:00,1,47026580,........,04ffff001d02d80b,0,
9967,0000000004bd7643...,2009-04-05T21:49:56+00:00,1,892268588,........,04ffff001d02f202,0,
9968,000000002c1bcf67...,2009-04-05T22:10:45+00:00,1,2868065536,........,04ffff001d02f802,0,
9969,00000000b94ac5e0...,2009-04-05T22:23:23+00:00,1,3822689844,........,04ffff001d02fa02,0,
9970,000000004ae235de...,2009-04-05T22:32:51+00:00,1,1207192329,........,04ffff001d02fb02,0,
9971,000000001a510e26...,2009-04-05T22:48:09+00:00,1,301081644,........,04ffff001d02fc02,0,
9972,000000006912600f...,2009-04-05T22:59:45+00:00,1,3306526750,........,04ffff001d020303,0,
9973,00000000eda492f8...,2009-04-05T23:07:35+00:00,1,122580665,........,04ffff001d02e201,0,
9974,0000000033e356b6...,2009-04-05T23:12:44+00:00,1,871021063,........,04ffff001d020603,0,
9975,00000000d65dded3...,2009-04-05T23:17:41+00:00,1,19768578,........,04ffff001d02e10b,0,
9976,00000000e121394a...,2009-04-05T23:30:37+00:00,1,3999968281,........,04ffff001d020c03,0,
9977,00000000a9dc56a1...,2009-04-05T23:54:33+00:00,1,147414567,........,04ffff001d021203,0,
9978,000000007c2f2579...,2009-04-06T00:00:42+00:00,1,69816781,......Y.,04ffff001d025901,0,
9979,00000000fbab7c9e...,2009-04-06T00:03:46+00:00,1,49044971,......Z.,04ffff001d025a01,0,
9980,00000000ad6b4d8f...,2009-04-06T00:06:17+00:00,1,3853468422,........,04ffff001d021603,0,
9981,00000000c8639381...,2009-04-06T00:14:12+00:00,1,32336417,........,04ffff001d02e70b,0,
9982,0000000040e61c40...,2009-04-06T00:14:42+00:00,1,6903845,........,04ffff001d02eb01,0,
9983,000000009773d904...,2009-04-06T00:16:37+00:00,1,25220711,........,04ffff001d02b900,0,
9984,00000000bce85f66...,2009-04-06T00:21:32+00:00,1,3089676851,........,04ffff001d021d03,0,
9985,0000000028b5a035...,2009-04-06T00:36:09+00:00,1,3580740355,......*.,04ffff001d022a03,0,
9986,00000000d0369764...,2009-04-06T00:47:47+00:00,1,3689998336,"......,.",04ffff001d022c03,0,
9987,0000000001128326...,2009-04-06T01:07:09+00:00,1,3103150876,....../.,04ffff001d022f03,0,
9988,0000000060420f7b...,2009-04-06T01:12:56+00:00,1,108282998,........,04ffff001d02d201,0,
9989,000000001313525c...,2009-04-06T01:29:01+00:00,1,3129511978,......0.,04ffff001d023003,0,
9990,00000000edb29a7e...,2009-04-06T01:40:27+00:00,1,1771462406,......6.,04ffff001d023603,0,
9991,000000003a86175f...,2009-04-06T02:01:56+00:00,1,3273981203,......:.,04ffff001d023a03,0,
9992,00000000f58f64fd...,2009-04-06T02:13:21+00:00,1,181072685,........,04ffff001d02f501,0,
9993,000000003b25cd3a...,2009-04-06T02:22:30+00:00,1,220590751,.......,04ffff001d0105,0,
9994,0000000000360b07...,2009-04-06T02:25:02+00:00,1,1805108249,......J.,04ffff001d024a03,0,
9995,00000000244e9eed...,2009-04-06T02:31:02+00:00,1,37411660,........,04ffff001d02c411,0,
9996,00000000b828d526...,2009-04-06T02:34:06+00:00,1,3890397751,......N.,04ffff001d024e03,0,
9997,00000000d59da915...,2009-04-06T02:58:27+00:00,1,3408807980,......`.,04ffff001d026003,0,
9998,000000003dd32df9...,2009-04-06T03:09:50+00:00,1,155049271,......m.,04ffff001d026d01,0,
9999,00000000fbc97cc6...,2009-04-06T03:11:31+00:00,1,3568610608,......l.,04ffff001d026c03,0,
10000,0000000099c74445...,2009-04-06T03:23:33+00:00,1,2145410362,......o.,04ffff001d026f03,0,
